"filename", "language", "YAML", "Dotenv", "Python", "XML", "Markdown", "pip requirements", "HTML", "JavaScript", "Batch", "JSON", "Log", "PostCSS", "Ini", "comment", "blank", "total"
"c:\JoystickGremlin-develop\.env", "Dotenv", 0, 0, 0, 0, 0, 0, 0, 0, 0, 0, 0, 0, 0, 0, 1, 1
"c:\JoystickGremlin-develop\.github\FUNDING.yml", "YAML", 1, 0, 0, 0, 0, 0, 0, 0, 0, 0, 0, 0, 0, 1, 2, 4
"c:\JoystickGremlin-develop\.github\workflows\github-actions-docs.yml", "YAML", 29, 0, 0, 0, 0, 0, 0, 0, 0, 0, 0, 0, 0, 0, 7, 36
"c:\JoystickGremlin-develop\.qmllint.ini", "Ini", 0, 0, 0, 0, 0, 0, 0, 0, 0, 0, 0, 0, 18, 0, 1, 19
"c:\JoystickGremlin-develop\README.md", "Markdown", 0, 0, 0, 0, 2228, 0, 0, 0, 0, 0, 0, 0, 0, 0, 719, 2947
"c:\JoystickGremlin-develop\about\about.html", "HTML", 0, 0, 0, 0, 0, 0, 12, 0, 0, 0, 0, 0, 0, 0, 3, 15
"c:\JoystickGremlin-develop\about\joystick_gremlin.html", "HTML", 0, 0, 0, 0, 0, 0, 528, 0, 0, 0, 0, 0, 0, 0, 109, 637
"c:\JoystickGremlin-develop\about\modernuiicons.html", "HTML", 0, 0, 0, 0, 0, 0, 56, 0, 0, 0, 0, 0, 0, 0, 11, 67
"c:\JoystickGremlin-develop\about\pyqt.html", "HTML", 0, 0, 0, 0, 0, 0, 557, 0, 0, 0, 0, 0, 0, 0, 122, 679
"c:\JoystickGremlin-develop\about\pywin32.html", "HTML", 0, 0, 0, 0, 0, 0, 29, 0, 0, 0, 0, 0, 0, 0, 6, 35
"c:\JoystickGremlin-develop\about\qt5.html", "HTML", 0, 0, 0, 0, 0, 0, 132, 0, 0, 0, 0, 0, 0, 0, 37, 169
"c:\JoystickGremlin-develop\about\reportlab.html", "HTML", 0, 0, 0, 0, 0, 0, 33, 0, 0, 0, 0, 0, 0, 0, 1, 34
"c:\JoystickGremlin-develop\about\third_party_licenses.html", "HTML", 0, 0, 0, 0, 0, 0, 16, 0, 0, 0, 0, 0, 0, 0, 3, 19
"c:\JoystickGremlin-develop\about\vjoy.html", "HTML", 0, 0, 0, 0, 0, 0, 21, 0, 0, 0, 0, 0, 0, 0, 5, 26
"c:\JoystickGremlin-develop\action_plugins\__init__.py", "Python", 0, 0, 0, 0, 0, 0, 0, 0, 0, 0, 0, 0, 0, 15, 2, 17
"c:\JoystickGremlin-develop\action_plugins\common.py", "Python", 0, 0, 0, 0, 0, 0, 0, 0, 0, 0, 0, 0, 0, 15, 2, 17
"c:\JoystickGremlin-develop\action_plugins\control\__init__.py", "Python", 0, 0, 304, 0, 0, 0, 0, 0, 0, 0, 0, 0, 0, 28, 91, 423
"c:\JoystickGremlin-develop\action_plugins\cycle_modes\__init__.py", "Python", 0, 0, 242, 0, 0, 0, 0, 0, 0, 0, 0, 0, 0, 36, 103, 381
"c:\JoystickGremlin-develop\action_plugins\description\__init__.py", "Python", 0, 0, 82, 0, 0, 0, 0, 0, 0, 0, 0, 0, 0, 41, 45, 168
"c:\JoystickGremlin-develop\action_plugins\gated_axis\__init__.py", "Python", 0, 0, 1351, 0, 0, 0, 0, 0, 0, 0, 0, 0, 0, 116, 510, 1977
"c:\JoystickGremlin-develop\action_plugins\kvm\__init__.py", "Python", 0, 0, 297, 0, 0, 0, 0, 0, 0, 0, 0, 0, 0, 71, 122, 490
"c:\JoystickGremlin-develop\action_plugins\macro\__init__.py", "Python", 0, 0, 1787, 0, 0, 0, 0, 0, 0, 0, 0, 0, 0, 227, 489, 2503
"c:\JoystickGremlin-develop\action_plugins\macro\gfx\dark_macro_add_pause.svg", "XML", 0, 0, 0, 48, 0, 0, 0, 0, 0, 0, 0, 0, 0, 0, 0, 48
"c:\JoystickGremlin-develop\action_plugins\macro\gfx\dark_macro_record.svg", "XML", 0, 0, 0, 48, 0, 0, 0, 0, 0, 0, 0, 0, 0, 0, 0, 48
"c:\JoystickGremlin-develop\action_plugins\macro\gfx\dark_macro_record_on.svg", "XML", 0, 0, 0, 48, 0, 0, 0, 0, 0, 0, 0, 0, 0, 0, 0, 48
"c:\JoystickGremlin-develop\action_plugins\macro\gfx\dark_pause.svg", "XML", 0, 0, 0, 73, 0, 0, 0, 0, 0, 0, 0, 0, 0, 1, 2, 76
"c:\JoystickGremlin-develop\action_plugins\macro\gfx\dark_press.svg", "XML", 0, 0, 0, 65, 0, 0, 0, 0, 0, 0, 0, 0, 0, 1, 2, 68
"c:\JoystickGremlin-develop\action_plugins\macro\gfx\dark_record_axis.svg", "XML", 0, 0, 0, 70, 0, 0, 0, 0, 0, 0, 0, 0, 0, 1, 2, 73
"c:\JoystickGremlin-develop\action_plugins\macro\gfx\dark_record_axis_on.svg", "XML", 0, 0, 0, 70, 0, 0, 0, 0, 0, 0, 0, 0, 0, 1, 2, 73
"c:\JoystickGremlin-develop\action_plugins\macro\gfx\dark_record_button.svg", "XML", 0, 0, 0, 70, 0, 0, 0, 0, 0, 0, 0, 0, 0, 1, 2, 73
"c:\JoystickGremlin-develop\action_plugins\macro\gfx\dark_record_button_on.svg", "XML", 0, 0, 0, 70, 0, 0, 0, 0, 0, 0, 0, 0, 0, 1, 2, 73
"c:\JoystickGremlin-develop\action_plugins\macro\gfx\dark_record_hat.svg", "XML", 0, 0, 0, 70, 0, 0, 0, 0, 0, 0, 0, 0, 0, 1, 2, 73
"c:\JoystickGremlin-develop\action_plugins\macro\gfx\dark_record_hat_on.svg", "XML", 0, 0, 0, 70, 0, 0, 0, 0, 0, 0, 0, 0, 0, 1, 2, 73
"c:\JoystickGremlin-develop\action_plugins\macro\gfx\dark_record_key.svg", "XML", 0, 0, 0, 70, 0, 0, 0, 0, 0, 0, 0, 0, 0, 1, 2, 73
"c:\JoystickGremlin-develop\action_plugins\macro\gfx\dark_record_key_on.svg", "XML", 0, 0, 0, 70, 0, 0, 0, 0, 0, 0, 0, 0, 0, 1, 2, 73
"c:\JoystickGremlin-develop\action_plugins\macro\gfx\dark_record_mouse.svg", "XML", 0, 0, 0, 70, 0, 0, 0, 0, 0, 0, 0, 0, 0, 1, 2, 73
"c:\JoystickGremlin-develop\action_plugins\macro\gfx\dark_record_mouse_on.svg", "XML", 0, 0, 0, 70, 0, 0, 0, 0, 0, 0, 0, 0, 0, 1, 2, 73
"c:\JoystickGremlin-develop\action_plugins\macro\gfx\dark_release.svg", "XML", 0, 0, 0, 65, 0, 0, 0, 0, 0, 0, 0, 0, 0, 1, 2, 68
"c:\JoystickGremlin-develop\action_plugins\macro\gfx\dark_time.svg", "XML", 0, 0, 0, 104, 0, 0, 0, 0, 0, 0, 0, 0, 0, 1, 2, 107
"c:\JoystickGremlin-develop\action_plugins\macro\gfx\dark_time_on.svg", "XML", 0, 0, 0, 99, 0, 0, 0, 0, 0, 0, 0, 0, 0, 1, 2, 102
"c:\JoystickGremlin-develop\action_plugins\macro\gfx\macro_add_pause.svg", "XML", 0, 0, 0, 48, 0, 0, 0, 0, 0, 0, 0, 0, 0, 0, 0, 48
"c:\JoystickGremlin-develop\action_plugins\macro\gfx\macro_record.svg", "XML", 0, 0, 0, 48, 0, 0, 0, 0, 0, 0, 0, 0, 0, 0, 0, 48
"c:\JoystickGremlin-develop\action_plugins\macro\gfx\macro_record_on.svg", "XML", 0, 0, 0, 48, 0, 0, 0, 0, 0, 0, 0, 0, 0, 0, 0, 48
"c:\JoystickGremlin-develop\action_plugins\macro\gfx\pause.svg", "XML", 0, 0, 0, 73, 0, 0, 0, 0, 0, 0, 0, 0, 0, 1, 2, 76
"c:\JoystickGremlin-develop\action_plugins\macro\gfx\press.svg", "XML", 0, 0, 0, 65, 0, 0, 0, 0, 0, 0, 0, 0, 0, 1, 2, 68
"c:\JoystickGremlin-develop\action_plugins\macro\gfx\record_axis.svg", "XML", 0, 0, 0, 70, 0, 0, 0, 0, 0, 0, 0, 0, 0, 1, 2, 73
"c:\JoystickGremlin-develop\action_plugins\macro\gfx\record_axis_on.svg", "XML", 0, 0, 0, 70, 0, 0, 0, 0, 0, 0, 0, 0, 0, 1, 2, 73
"c:\JoystickGremlin-develop\action_plugins\macro\gfx\record_button.svg", "XML", 0, 0, 0, 70, 0, 0, 0, 0, 0, 0, 0, 0, 0, 1, 2, 73
"c:\JoystickGremlin-develop\action_plugins\macro\gfx\record_button_on.svg", "XML", 0, 0, 0, 70, 0, 0, 0, 0, 0, 0, 0, 0, 0, 1, 2, 73
"c:\JoystickGremlin-develop\action_plugins\macro\gfx\record_hat.svg", "XML", 0, 0, 0, 70, 0, 0, 0, 0, 0, 0, 0, 0, 0, 1, 2, 73
"c:\JoystickGremlin-develop\action_plugins\macro\gfx\record_hat_on.svg", "XML", 0, 0, 0, 70, 0, 0, 0, 0, 0, 0, 0, 0, 0, 1, 2, 73
"c:\JoystickGremlin-develop\action_plugins\macro\gfx\record_key.svg", "XML", 0, 0, 0, 70, 0, 0, 0, 0, 0, 0, 0, 0, 0, 1, 2, 73
"c:\JoystickGremlin-develop\action_plugins\macro\gfx\record_key_on.svg", "XML", 0, 0, 0, 70, 0, 0, 0, 0, 0, 0, 0, 0, 0, 1, 2, 73
"c:\JoystickGremlin-develop\action_plugins\macro\gfx\record_mouse.svg", "XML", 0, 0, 0, 70, 0, 0, 0, 0, 0, 0, 0, 0, 0, 1, 2, 73
"c:\JoystickGremlin-develop\action_plugins\macro\gfx\record_mouse_on.svg", "XML", 0, 0, 0, 70, 0, 0, 0, 0, 0, 0, 0, 0, 0, 1, 2, 73
"c:\JoystickGremlin-develop\action_plugins\macro\gfx\release.svg", "XML", 0, 0, 0, 65, 0, 0, 0, 0, 0, 0, 0, 0, 0, 1, 2, 68
"c:\JoystickGremlin-develop\action_plugins\macro\gfx\time.svg", "XML", 0, 0, 0, 104, 0, 0, 0, 0, 0, 0, 0, 0, 0, 1, 2, 107
"c:\JoystickGremlin-develop\action_plugins\macro\gfx\time_on.svg", "XML", 0, 0, 0, 99, 0, 0, 0, 0, 0, 0, 0, 0, 0, 1, 2, 102
"c:\JoystickGremlin-develop\action_plugins\map_to_gamepad\__init__.py", "Python", 0, 0, 254, 0, 0, 0, 0, 0, 0, 0, 0, 0, 0, 83, 72, 409
"c:\JoystickGremlin-develop\action_plugins\map_to_keyboard\__init__.py", "Python", 0, 0, 147, 0, 0, 0, 0, 0, 0, 0, 0, 0, 0, 73, 48, 268
"c:\JoystickGremlin-develop\action_plugins\map_to_keyboard_ex\__init__.py", "Python", 0, 0, 897, 0, 0, 0, 0, 0, 0, 0, 0, 0, 0, 122, 287, 1306
"c:\JoystickGremlin-develop\action_plugins\map_to_mouse\__init__.py", "Python", 0, 0, 403, 0, 0, 0, 0, 0, 0, 0, 0, 0, 0, 113, 87, 603
"c:\JoystickGremlin-develop\action_plugins\map_to_mouse_ex\__init__.py", "Python", 0, 0, 1036, 0, 0, 0, 0, 0, 0, 0, 0, 0, 0, 132, 330, 1498
"c:\JoystickGremlin-develop\action_plugins\map_to_octavi_ifr1\__init__.py", "Python", 0, 0, 136, 0, 0, 0, 0, 0, 0, 0, 0, 0, 0, 42, 55, 233
"c:\JoystickGremlin-develop\action_plugins\map_to_osc\__init__.py", "Python", 0, 0, 799, 0, 0, 0, 0, 0, 0, 0, 0, 0, 0, 103, 265, 1167
"c:\JoystickGremlin-develop\action_plugins\map_to_osc_ex\__init__.py", "Python", 0, 0, 1294, 0, 0, 0, 0, 0, 0, 0, 0, 0, 0, 110, 394, 1798
"c:\JoystickGremlin-develop\action_plugins\map_to_simconnect\SimConnectManager.py", "Python", 0, 0, 1853, 0, 0, 0, 0, 0, 0, 0, 0, 0, 0, 142, 505, 2500
"c:\JoystickGremlin-develop\action_plugins\map_to_simconnect\SimConnect\Attributes.py", "Python", 0, 0, 530, 0, 0, 0, 0, 0, 0, 0, 0, 0, 0, 386, 95, 1011
"c:\JoystickGremlin-develop\action_plugins\map_to_simconnect\SimConnect\Constants.py", "Python", 0, 0, 41, 0, 0, 0, 0, 0, 0, 0, 0, 0, 0, 10, 16, 67
"c:\JoystickGremlin-develop\action_plugins\map_to_simconnect\SimConnect\Enum.py", "Python", 0, 0, 562, 0, 0, 0, 0, 0, 0, 0, 0, 0, 0, 79, 173, 814
"c:\JoystickGremlin-develop\action_plugins\map_to_simconnect\SimConnect\EventList.py", "Python", 0, 0, 1263, 0, 0, 0, 0, 0, 0, 0, 0, 0, 0, 3, 38, 1304
"c:\JoystickGremlin-develop\action_plugins\map_to_simconnect\SimConnect\FacilitiesList.py", "Python", 0, 0, 91, 0, 0, 0, 0, 0, 0, 0, 0, 0, 0, 3, 19, 113
"c:\JoystickGremlin-develop\action_plugins\map_to_simconnect\SimConnect\RequestList.py", "Python", 0, 0, 980, 0, 0, 0, 0, 0, 0, 0, 0, 0, 0, 26, 31, 1037
"c:\JoystickGremlin-develop\action_plugins\map_to_simconnect\SimConnect\SimConnect.py", "Python", 0, 0, 1130, 0, 0, 0, 0, 0, 0, 0, 0, 0, 0, 140, 291, 1561
"c:\JoystickGremlin-develop\action_plugins\map_to_simconnect\SimConnect\SimConnectBridge.py", "Python", 0, 0, 290, 0, 0, 0, 0, 0, 0, 0, 0, 0, 0, 50, 80, 420
"c:\JoystickGremlin-develop\action_plugins\map_to_simconnect\SimConnect\__init__.py", "Python", 0, 0, 12, 0, 0, 0, 0, 0, 0, 0, 0, 0, 0, 0, 6, 18
"c:\JoystickGremlin-develop\action_plugins\map_to_simconnect\__init__.py", "Python", 0, 0, 3480, 0, 0, 0, 0, 0, 0, 0, 0, 0, 0, 442, 1321, 5243
"c:\JoystickGremlin-develop\action_plugins\map_to_simconnect\simconnect_simvars.xml", "XML", 0, 0, 0, 4763, 0, 0, 0, 0, 0, 0, 0, 0, 0, 0, 1, 4764
"c:\JoystickGremlin-develop\action_plugins\map_to_state\__init__.py", "Python", 0, 0, 919, 0, 0, 0, 0, 0, 0, 0, 0, 0, 0, 92, 318, 1329
"c:\JoystickGremlin-develop\action_plugins\map_to_trigger\__init__.py", "Python", 0, 0, 358, 0, 0, 0, 0, 0, 0, 0, 0, 0, 0, 15, 127, 500
"c:\JoystickGremlin-develop\action_plugins\map_to_vjoy\__init__.py", "Python", 0, 0, 4989, 0, 0, 0, 0, 0, 0, 0, 0, 0, 0, 421, 1668, 7078
"c:\JoystickGremlin-develop\action_plugins\noop\__init__.py", "Python", 0, 0, 49, 0, 0, 0, 0, 0, 0, 0, 0, 0, 0, 26, 30, 105
"c:\JoystickGremlin-develop\action_plugins\os_actions\__init__.py", "Python", 0, 0, 297, 0, 0, 0, 0, 0, 0, 0, 0, 0, 0, 26, 103, 426
"c:\JoystickGremlin-develop\action_plugins\pause\__init__.py", "Python", 0, 0, 135, 0, 0, 0, 0, 0, 0, 0, 0, 0, 0, 28, 50, 213
"c:\JoystickGremlin-develop\action_plugins\play_sound\__init__.py", "Python", 0, 0, 820, 0, 0, 0, 0, 0, 0, 0, 0, 0, 0, 68, 247, 1135
"c:\JoystickGremlin-develop\action_plugins\previous_mode\__init__.py", "Python", 0, 0, 58, 0, 0, 0, 0, 0, 0, 0, 0, 0, 0, 25, 30, 113
"c:\JoystickGremlin-develop\action_plugins\remap\__init__.py", "Python", 0, 0, 459, 0, 0, 0, 0, 0, 0, 0, 0, 0, 0, 80, 120, 659
"c:\JoystickGremlin-develop\action_plugins\response_curve\__init__.py", "Python", 0, 0, 945, 0, 0, 0, 0, 0, 0, 0, 0, 0, 0, 382, 278, 1605
"c:\JoystickGremlin-develop\action_plugins\response_curve\grid.svg", "XML", 0, 0, 0, 136, 0, 0, 0, 0, 0, 0, 0, 0, 0, 1, 2, 139
"c:\JoystickGremlin-develop\action_plugins\response_curve_ex\__init__.py", "Python", 0, 0, 129, 0, 0, 0, 0, 0, 0, 0, 0, 0, 0, 57, 59, 245
"c:\JoystickGremlin-develop\action_plugins\resume\__init__.py", "Python", 0, 0, 58, 0, 0, 0, 0, 0, 0, 0, 0, 0, 0, 26, 29, 113
"c:\JoystickGremlin-develop\action_plugins\run_process\__init__.py", "Python", 0, 0, 201, 0, 0, 0, 0, 0, 0, 0, 0, 0, 0, 30, 74, 305
"c:\JoystickGremlin-develop\action_plugins\split_axis\__init__.py", "Python", 0, 0, 167, 0, 0, 0, 0, 0, 0, 0, 0, 0, 0, 52, 40, 259
"c:\JoystickGremlin-develop\action_plugins\switch_mode\__init__.py", "Python", 0, 0, 228, 0, 0, 0, 0, 0, 0, 0, 0, 0, 0, 37, 92, 357
"c:\JoystickGremlin-develop\action_plugins\temporary_mode_switch\__init__.py", "Python", 0, 0, 258, 0, 0, 0, 0, 0, 0, 0, 0, 0, 0, 27, 90, 375
"c:\JoystickGremlin-develop\action_plugins\text_to_speech\__init__.py", "Python", 0, 0, 305, 0, 0, 0, 0, 0, 0, 0, 0, 0, 0, 21, 98, 424
"c:\JoystickGremlin-develop\action_plugins\toggle_pause\__init__.py", "Python", 0, 0, 60, 0, 0, 0, 0, 0, 0, 0, 0, 0, 0, 25, 31, 116
"c:\JoystickGremlin-develop\build_docs.bat", "Batch", 0, 0, 0, 0, 0, 0, 0, 0, 2, 0, 0, 0, 0, 0, 0, 2
"c:\JoystickGremlin-develop\checklist.md", "Markdown", 0, 0, 0, 0, 10, 0, 0, 0, 0, 0, 0, 0, 0, 0, 4, 14
"c:\JoystickGremlin-develop\container_plugins\__init__.py", "Python", 0, 0, 3, 0, 0, 0, 0, 0, 0, 0, 0, 0, 0, 15, 3, 21
"c:\JoystickGremlin-develop\container_plugins\basic\__init__.py", "Python", 0, 0, 163, 0, 0, 0, 0, 0, 0, 0, 0, 0, 0, 71, 57, 291
"c:\JoystickGremlin-develop\container_plugins\button\__init__.py", "Python", 0, 0, 257, 0, 0, 0, 0, 0, 0, 0, 0, 0, 0, 83, 84, 424
"c:\JoystickGremlin-develop\container_plugins\chain\__init__.py", "Python", 0, 0, 179, 0, 0, 0, 0, 0, 0, 0, 0, 0, 0, 76, 56, 311
"c:\JoystickGremlin-develop\container_plugins\double_tap\__init__.py", "Python", 0, 0, 260, 0, 0, 0, 0, 0, 0, 0, 0, 0, 0, 106, 68, 434
"c:\JoystickGremlin-develop\container_plugins\hat_buttons\__init__.py", "Python", 0, 0, 289, 0, 0, 0, 0, 0, 0, 0, 0, 0, 0, 117, 116, 522
"c:\JoystickGremlin-develop\container_plugins\range\__init__.py", "Python", 0, 0, 536, 0, 0, 0, 0, 0, 0, 0, 0, 0, 0, 108, 185, 829
"c:\JoystickGremlin-develop\container_plugins\repeat\__init__.py", "Python", 0, 0, 317, 0, 0, 0, 0, 0, 0, 0, 0, 0, 0, 77, 122, 516
"c:\JoystickGremlin-develop\container_plugins\sequence\__init__.py", "Python", 0, 0, 1070, 0, 0, 0, 0, 0, 0, 0, 0, 0, 0, 120, 375, 1565
"c:\JoystickGremlin-develop\container_plugins\smart_toggle\__init__.py", "Python", 0, 0, 241, 0, 0, 0, 0, 0, 0, 0, 0, 0, 0, 90, 77, 408
"c:\JoystickGremlin-develop\container_plugins\state\__init__.py", "Python", 0, 0, 250, 0, 0, 0, 0, 0, 0, 0, 0, 0, 0, 79, 84, 413
"c:\JoystickGremlin-develop\container_plugins\switch\__init__.py", "Python", 0, 0, 460, 0, 0, 0, 0, 0, 0, 0, 0, 0, 0, 89, 149, 698
"c:\JoystickGremlin-develop\container_plugins\tempoEx\__init__.py", "Python", 0, 0, 866, 0, 0, 0, 0, 0, 0, 0, 0, 0, 0, 178, 308, 1352
"c:\JoystickGremlin-develop\container_plugins\tempo\__init__.py", "Python", 0, 0, 308, 0, 0, 0, 0, 0, 0, 0, 0, 0, 0, 107, 96, 511
"c:\JoystickGremlin-develop\container_plugins\tick\__init__.py", "Python", 0, 0, 306, 0, 0, 0, 0, 0, 0, 0, 0, 0, 0, 94, 87, 487
"c:\JoystickGremlin-develop\container_plugins\trigger\__init__.py", "Python", 0, 0, 287, 0, 0, 0, 0, 0, 0, 0, 0, 0, 0, 77, 116, 480
"c:\JoystickGremlin-develop\dark_manage_modes.svg", "XML", 0, 0, 0, 47, 0, 0, 0, 0, 0, 0, 0, 0, 0, 0, 0, 47
"c:\JoystickGremlin-develop\deploy.bat", "Batch", 0, 0, 0, 0, 0, 0, 0, 0, 17, 0, 0, 0, 0, 0, 7, 24
"c:\JoystickGremlin-develop\deploy_ai.bat", "Batch", 0, 0, 0, 0, 0, 0, 0, 0, 17, 0, 0, 0, 0, 0, 7, 24
"c:\JoystickGremlin-develop\deploy_full.bat", "Batch", 0, 0, 0, 0, 0, 0, 0, 0, 4, 0, 0, 0, 0, 0, 2, 6
"c:\JoystickGremlin-develop\deploy_nuitka.cmd", "Batch", 0, 0, 0, 0, 0, 0, 0, 0, 1, 0, 0, 0, 0, 0, 0, 1
"c:\JoystickGremlin-develop\dinput\__init__.py", "Python", 0, 0, 650, 0, 0, 0, 0, 0, 0, 0, 0, 0, 0, 304, 207, 1161
"c:\JoystickGremlin-develop\docs\actions.md", "Markdown", 0, 0, 0, 0, 316, 0, 0, 0, 0, 0, 0, 0, 0, 0, 206, 522
"c:\JoystickGremlin-develop\docs\assets\discord.svg", "XML", 0, 0, 0, 1, 0, 0, 0, 0, 0, 0, 0, 0, 0, 0, 0, 1
"c:\JoystickGremlin-develop\docs\assets\warning.svg", "XML", 0, 0, 0, 1, 0, 0, 0, 0, 0, 0, 0, 0, 0, 0, 0, 1
"c:\JoystickGremlin-develop\docs\containers.md", "Markdown", 0, 0, 0, 0, 42, 0, 0, 0, 0, 0, 0, 0, 0, 0, 30, 72
"c:\JoystickGremlin-develop\docs\credits.md", "Markdown", 0, 0, 0, 0, 10, 0, 0, 0, 0, 0, 0, 0, 0, 0, 10, 20
"c:\JoystickGremlin-develop\docs\index.md", "Markdown", 0, 0, 0, 0, 72, 0, 0, 0, 0, 0, 0, 0, 0, 0, 62, 134
"c:\JoystickGremlin-develop\docs\ktts.md", "Markdown", 0, 0, 0, 0, 92, 0, 0, 0, 0, 0, 0, 0, 0, 0, 50, 142
"c:\JoystickGremlin-develop\docs\overview.md", "Markdown", 0, 0, 0, 0, 371, 0, 0, 0, 0, 0, 0, 0, 0, 0, 269, 640
"c:\JoystickGremlin-develop\docs\resources.md", "Markdown", 0, 0, 0, 0, 55, 0, 0, 0, 0, 0, 0, 0, 0, 0, 58, 113
"c:\JoystickGremlin-develop\docs\scripting.md", "Markdown", 0, 0, 0, 0, 110, 0, 0, 0, 0, 0, 0, 0, 0, 0, 75, 185
"c:\JoystickGremlin-develop\docs\usage.md", "Markdown", 0, 0, 0, 0, 1246, 0, 0, 0, 0, 0, 0, 0, 0, 0, 1061, 2307
"c:\JoystickGremlin-develop\docs_server.bat", "Batch", 0, 0, 0, 0, 0, 0, 0, 0, 1, 0, 0, 0, 0, 0, 0, 1
"c:\JoystickGremlin-develop\examples\ch stick and pedals\empty.xml", "XML", 0, 0, 0, 366, 0, 0, 0, 0, 0, 0, 0, 0, 0, 0, 1, 367
"c:\JoystickGremlin-develop\examples\ch stick and pedals\jkb.xml", "XML", 0, 0, 0, 250, 0, 0, 0, 0, 0, 0, 0, 0, 0, 64, 41, 355
"c:\JoystickGremlin-develop\examples\ch stick and pedals\profile.xml", "XML", 0, 0, 0, 105, 0, 0, 0, 0, 0, 0, 0, 0, 0, 0, 1, 106
"c:\JoystickGremlin-develop\examples\ch stick and pedals\sc.py", "Python", 0, 0, 142, 0, 0, 0, 0, 0, 0, 0, 0, 0, 0, 3, 45, 190
"c:\JoystickGremlin-develop\generate_wix.py", "Python", 0, 0, 313, 0, 0, 0, 0, 0, 0, 0, 0, 0, 0, 109, 59, 481
"c:\JoystickGremlin-develop\gfx\about.svg", "XML", 0, 0, 0, 47, 0, 0, 0, 0, 0, 0, 0, 0, 0, 0, 0, 47
"c:\JoystickGremlin-develop\gfx\activate.svg", "XML", 0, 0, 0, 47, 0, 0, 0, 0, 0, 0, 0, 0, 0, 0, 0, 47
"c:\JoystickGremlin-develop\gfx\activate_on.svg", "XML", 0, 0, 0, 47, 0, 0, 0, 0, 0, 0, 0, 0, 0, 0, 0, 47
"c:\JoystickGremlin-develop\gfx\button_copy.svg", "XML", 0, 0, 0, 11, 0, 0, 0, 0, 0, 0, 0, 0, 0, 1, 1, 13
"c:\JoystickGremlin-develop\gfx\button_paste.svg", "XML", 0, 0, 0, 11, 0, 0, 0, 0, 0, 0, 0, 0, 0, 1, 1, 13
"c:\JoystickGremlin-develop\gfx\calibration.svg", "XML", 0, 0, 0, 47, 0, 0, 0, 0, 0, 0, 0, 0, 0, 0, 0, 47
"c:\JoystickGremlin-develop\gfx\curve_grid_ex.svg", "XML", 0, 0, 0, 153, 0, 0, 0, 0, 0, 0, 0, 0, 0, 0, 16, 169
"c:\JoystickGremlin-develop\gfx\dark_about.svg", "XML", 0, 0, 0, 14, 0, 0, 0, 0, 0, 0, 0, 0, 0, 1, 0, 15
"c:\JoystickGremlin-develop\gfx\dark_activate.svg", "XML", 0, 0, 0, 17, 0, 0, 0, 0, 0, 0, 0, 0, 0, 1, 0, 18
"c:\JoystickGremlin-develop\gfx\dark_activate_on.svg", "XML", 0, 0, 0, 47, 0, 0, 0, 0, 0, 0, 0, 0, 0, 0, 0, 47
"c:\JoystickGremlin-develop\gfx\dark_button_copy.svg", "XML", 0, 0, 0, 13, 0, 0, 0, 0, 0, 0, 0, 0, 0, 1, 0, 14
"c:\JoystickGremlin-develop\gfx\dark_button_paste.svg", "XML", 0, 0, 0, 12, 0, 0, 0, 0, 0, 0, 0, 0, 0, 1, 0, 13
"c:\JoystickGremlin-develop\gfx\dark_curve_grid_ex.svg", "XML", 0, 0, 0, 138, 0, 0, 0, 0, 0, 0, 0, 0, 0, 1, 11, 150
"c:\JoystickGremlin-develop\gfx\dark_device_information.svg", "XML", 0, 0, 0, 14, 0, 0, 0, 0, 0, 0, 0, 0, 0, 1, 0, 15
"c:\JoystickGremlin-develop\gfx\dark_input_repeater.svg", "XML", 0, 0, 0, 14, 0, 0, 0, 0, 0, 0, 0, 0, 0, 1, 0, 15
"c:\JoystickGremlin-develop\gfx\dark_input_viewer.svg", "XML", 0, 0, 0, 23, 0, 0, 0, 0, 0, 0, 0, 0, 0, 1, 2, 26
"c:\JoystickGremlin-develop\gfx\dark_list_add.svg", "XML", 0, 0, 0, 47, 0, 0, 0, 0, 0, 0, 0, 0, 0, 0, 0, 47
"c:\JoystickGremlin-develop\gfx\dark_list_delete.svg", "XML", 0, 0, 0, 47, 0, 0, 0, 0, 0, 0, 0, 0, 0, 0, 0, 47
"c:\JoystickGremlin-develop\gfx\dark_list_down.svg", "XML", 0, 0, 0, 47, 0, 0, 0, 0, 0, 0, 0, 0, 0, 0, 0, 47
"c:\JoystickGremlin-develop\gfx\dark_list_up.svg", "XML", 0, 0, 0, 47, 0, 0, 0, 0, 0, 0, 0, 0, 0, 0, 0, 47
"c:\JoystickGremlin-develop\gfx\dark_manage_modes.svg", "XML", 0, 0, 0, 47, 0, 0, 0, 0, 0, 0, 0, 0, 0, 0, 0, 47
"c:\JoystickGremlin-develop\gfx\dark_manage_modules.svg", "XML", 0, 0, 0, 14, 0, 0, 0, 0, 0, 0, 0, 0, 0, 1, 0, 15
"c:\JoystickGremlin-develop\gfx\dark_options.svg", "XML", 0, 0, 0, 138, 0, 0, 0, 0, 0, 0, 0, 0, 0, 0, 0, 138
"c:\JoystickGremlin-develop\gfx\dark_profile_new.svg", "XML", 0, 0, 0, 14, 0, 0, 0, 0, 0, 0, 0, 0, 0, 1, 0, 15
"c:\JoystickGremlin-develop\gfx\dark_profile_open.svg", "XML", 0, 0, 0, 14, 0, 0, 0, 0, 0, 0, 0, 0, 0, 1, 0, 15
"c:\JoystickGremlin-develop\gfx\dark_profile_save.svg", "XML", 0, 0, 0, 47, 0, 0, 0, 0, 0, 0, 0, 0, 0, 0, 0, 47
"c:\JoystickGremlin-develop\gfx\dark_profile_save_as.svg", "XML", 0, 0, 0, 14, 0, 0, 0, 0, 0, 0, 0, 0, 0, 1, 0, 15
"c:\JoystickGremlin-develop\gfx\delete.svg", "XML", 0, 0, 0, 1, 0, 0, 0, 0, 0, 0, 0, 0, 0, 0, 0, 1
"c:\JoystickGremlin-develop\gfx\device_information.svg", "XML", 0, 0, 0, 47, 0, 0, 0, 0, 0, 0, 0, 0, 0, 0, 0, 47
"c:\JoystickGremlin-develop\gfx\generate.svg", "XML", 0, 0, 0, 5, 0, 0, 0, 0, 0, 0, 0, 0, 0, 0, 1, 6
"c:\JoystickGremlin-develop\gfx\generic.svg", "XML", 0, 0, 0, 5, 0, 0, 0, 0, 0, 0, 0, 0, 0, 0, 1, 6
"c:\JoystickGremlin-develop\gfx\hat_n.svg", "XML", 0, 0, 0, 65, 0, 0, 0, 0, 0, 0, 0, 0, 0, 1, 2, 68
"c:\JoystickGremlin-develop\gfx\input_repeater.svg", "XML", 0, 0, 0, 47, 0, 0, 0, 0, 0, 0, 0, 0, 0, 0, 0, 47
"c:\JoystickGremlin-develop\gfx\list_add.svg", "XML", 0, 0, 0, 47, 0, 0, 0, 0, 0, 0, 0, 0, 0, 0, 0, 47
"c:\JoystickGremlin-develop\gfx\list_delete.svg", "XML", 0, 0, 0, 47, 0, 0, 0, 0, 0, 0, 0, 0, 0, 0, 0, 47
"c:\JoystickGremlin-develop\gfx\list_down.svg", "XML", 0, 0, 0, 47, 0, 0, 0, 0, 0, 0, 0, 0, 0, 0, 0, 47
"c:\JoystickGremlin-develop\gfx\list_up.svg", "XML", 0, 0, 0, 47, 0, 0, 0, 0, 0, 0, 0, 0, 0, 0, 0, 47
"c:\JoystickGremlin-develop\gfx\manage_modes.svg", "XML", 0, 0, 0, 47, 0, 0, 0, 0, 0, 0, 0, 0, 0, 0, 0, 47
"c:\JoystickGremlin-develop\gfx\manage_modules.svg", "XML", 0, 0, 0, 47, 0, 0, 0, 0, 0, 0, 0, 0, 0, 0, 0, 47
"c:\JoystickGremlin-develop\gfx\mode_delete.svg", "XML", 0, 0, 0, 47, 0, 0, 0, 0, 0, 0, 0, 0, 0, 0, 1, 48
"c:\JoystickGremlin-develop\gfx\options.svg", "XML", 0, 0, 0, 138, 0, 0, 0, 0, 0, 0, 0, 0, 0, 0, 0, 138
"c:\JoystickGremlin-develop\gfx\profile_new.svg", "XML", 0, 0, 0, 47, 0, 0, 0, 0, 0, 0, 0, 0, 0, 0, 0, 47
"c:\JoystickGremlin-develop\gfx\profile_open.svg", "XML", 0, 0, 0, 47, 0, 0, 0, 0, 0, 0, 0, 0, 0, 0, 0, 47
"c:\JoystickGremlin-develop\gfx\profile_save.svg", "XML", 0, 0, 0, 47, 0, 0, 0, 0, 0, 0, 0, 0, 0, 0, 0, 47
"c:\JoystickGremlin-develop\gfx\profile_save_as.svg", "XML", 0, 0, 0, 47, 0, 0, 0, 0, 0, 0, 0, 0, 0, 0, 0, 47
"c:\JoystickGremlin-develop\gfx\warning.svg", "XML", 0, 0, 0, 1, 0, 0, 0, 0, 0, 0, 0, 0, 0, 0, 0, 1
"c:\JoystickGremlin-develop\gremlinEx.py", "Python", 0, 0, 3449, 0, 0, 0, 0, 0, 0, 0, 0, 0, 0, 768, 1537, 5754
"c:\JoystickGremlin-develop\gremlinEx_nuitka.yml", "YAML", 9, 0, 0, 0, 0, 0, 0, 0, 0, 0, 0, 0, 0, 0, 0, 9
"c:\JoystickGremlin-develop\gremlin\__init__.py", "Python", 0, 0, 0, 0, 0, 0, 0, 0, 0, 0, 0, 0, 0, 48, 8, 56
"c:\JoystickGremlin-develop\gremlin\actions.py", "Python", 0, 0, 556, 0, 0, 0, 0, 0, 0, 0, 0, 0, 0, 251, 224, 1031
"c:\JoystickGremlin-develop\gremlin\base_buttons.py", "Python", 0, 0, 115, 0, 0, 0, 0, 0, 0, 0, 0, 0, 0, 40, 30, 185
"c:\JoystickGremlin-develop\gremlin\base_classes.py", "Python", 0, 0, 323, 0, 0, 0, 0, 0, 0, 0, 0, 0, 0, 21, 128, 472
"c:\JoystickGremlin-develop\gremlin\base_conditions.py", "Python", 0, 0, 646, 0, 0, 0, 0, 0, 0, 0, 0, 0, 0, 124, 179, 949
"c:\JoystickGremlin-develop\gremlin\base_profile.py", "Python", 0, 0, 4925, 0, 0, 0, 0, 0, 0, 0, 0, 0, 0, 694, 1464, 7083
"c:\JoystickGremlin-develop\gremlin\cheatsheet.py", "Python", 0, 0, 0, 0, 0, 0, 0, 0, 0, 0, 0, 0, 0, 458, 138, 596
"c:\JoystickGremlin-develop\gremlin\clipboard.py", "Python", 0, 0, 198, 0, 0, 0, 0, 0, 0, 0, 0, 0, 0, 21, 54, 273
"c:\JoystickGremlin-develop\gremlin\code_runner.py", "Python", 0, 0, 503, 0, 0, 0, 0, 0, 0, 0, 0, 0, 0, 162, 221, 886
"c:\JoystickGremlin-develop\gremlin\common.py", "Python", 0, 0, 98, 0, 0, 0, 0, 0, 0, 0, 0, 0, 0, 30, 29, 157
"c:\JoystickGremlin-develop\gremlin\config.py", "Python", 0, 0, 2210, 0, 0, 0, 0, 0, 0, 0, 0, 0, 0, 324, 617, 3151
"c:\JoystickGremlin-develop\gremlin\control_action.py", "Python", 0, 0, 32, 0, 0, 0, 0, 0, 0, 0, 0, 0, 0, 46, 23, 101
"c:\JoystickGremlin-develop\gremlin\curve_handler.py", "Python", 0, 0, 1610, 0, 0, 0, 0, 0, 0, 0, 0, 0, 0, 393, 503, 2506
"c:\JoystickGremlin-develop\gremlin\curve_handler_instructions.md", "Markdown", 0, 0, 0, 0, 35, 0, 0, 0, 0, 0, 0, 0, 0, 0, 39, 74
"c:\JoystickGremlin-develop\gremlin\error.py", "Python", 0, 0, 29, 0, 0, 0, 0, 0, 0, 0, 0, 0, 0, 29, 36, 94
"c:\JoystickGremlin-develop\gremlin\event_handler.py", "Python", 0, 0, 3085, 0, 0, 0, 0, 0, 0, 0, 0, 0, 0, 473, 986, 4544
"c:\JoystickGremlin-develop\gremlin\execution_graph.py", "Python", 0, 0, 1822, 0, 0, 0, 0, 0, 0, 0, 0, 0, 0, 256, 526, 2604
"c:\JoystickGremlin-develop\gremlin\fsm.py", "Python", 0, 0, 24, 0, 0, 0, 0, 0, 0, 0, 0, 0, 0, 37, 13, 74
"c:\JoystickGremlin-develop\gremlin\gamepad_handling.py", "Python", 0, 0, 65, 0, 0, 0, 0, 0, 0, 0, 0, 0, 0, 3, 23, 91
"c:\JoystickGremlin-develop\gremlin\gated_handler.py", "Python", 0, 0, 3302, 0, 0, 0, 0, 0, 0, 0, 0, 0, 0, 349, 1198, 4849
"c:\JoystickGremlin-develop\gremlin\gated_handler_instructions.md", "Markdown", 0, 0, 0, 0, 45, 0, 0, 0, 0, 0, 0, 0, 0, 0, 33, 78
"c:\JoystickGremlin-develop\gremlin\hid.py", "Python", 0, 0, 85, 0, 0, 0, 0, 0, 0, 0, 0, 0, 0, 18, 17, 120
"c:\JoystickGremlin-develop\gremlin\hid_guardian.py", "Python", 0, 0, 194, 0, 0, 0, 0, 0, 0, 0, 0, 0, 0, 101, 51, 346
"c:\JoystickGremlin-develop\gremlin\hints.py", "Python", 0, 0, 7, 0, 0, 0, 0, 0, 0, 0, 0, 0, 0, 17, 8, 32
"c:\JoystickGremlin-develop\gremlin\import_profile.py", "Python", 0, 0, 1935, 0, 0, 0, 0, 0, 0, 0, 0, 0, 0, 194, 652, 2781
"c:\JoystickGremlin-develop\gremlin\input_devices.py", "Python", 0, 0, 644, 0, 0, 0, 0, 0, 0, 0, 0, 0, 0, 448, 296, 1388
"c:\JoystickGremlin-develop\gremlin\input_types.py", "Python", 0, 0, 145, 0, 0, 0, 0, 0, 0, 0, 0, 0, 0, 17, 23, 185
"c:\JoystickGremlin-develop\gremlin\joystick_handling.py", "Python", 0, 0, 1185, 0, 0, 0, 0, 0, 0, 0, 0, 0, 0, 156, 362, 1703
"c:\JoystickGremlin-develop\gremlin\keyboard.py", "Python", 0, 0, 1163, 0, 0, 0, 0, 0, 0, 0, 0, 0, 0, 180, 279, 1622
"c:\JoystickGremlin-develop\gremlin\ktts.py", "Python", 0, 0, 264, 0, 0, 0, 0, 0, 0, 0, 0, 0, 0, 29, 96, 389
"c:\JoystickGremlin-develop\gremlin\macro.py", "Python", 0, 0, 1113, 0, 0, 0, 0, 0, 0, 0, 0, 0, 0, 295, 312, 1720
"c:\JoystickGremlin-develop\gremlin\macro_handler.py", "Python", 0, 0, 205, 0, 0, 0, 0, 0, 0, 0, 0, 0, 0, 99, 52, 356
"c:\JoystickGremlin-develop\gremlin\pid.py", "Python", 0, 0, 407, 0, 0, 0, 0, 0, 0, 0, 0, 0, 0, 463, 145, 1015
"c:\JoystickGremlin-develop\gremlin\plugin_manager.py", "Python", 0, 0, 252, 0, 0, 0, 0, 0, 0, 0, 0, 0, 0, 76, 76, 404
"c:\JoystickGremlin-develop\gremlin\process.py", "Python", 0, 0, 285, 0, 0, 0, 0, 0, 0, 0, 0, 0, 0, 81, 86, 452
"c:\JoystickGremlin-develop\gremlin\profile.py", "Python", 0, 0, 1119, 0, 0, 0, 0, 0, 0, 0, 0, 0, 0, 354, 314, 1787
"c:\JoystickGremlin-develop\gremlin\profile_graph.py", "Python", 0, 0, 1017, 0, 0, 0, 0, 0, 0, 0, 0, 0, 0, 92, 321, 1430
"c:\JoystickGremlin-develop\gremlin\raw_input.py", "Python", 0, 0, 287, 0, 0, 0, 0, 0, 0, 0, 0, 0, 0, 51, 71, 409
"c:\JoystickGremlin-develop\gremlin\remote.py", "Python", 0, 0, 1665, 0, 0, 0, 0, 0, 0, 0, 0, 0, 0, 103, 443, 2211
"c:\JoystickGremlin-develop\gremlin\repeater.py", "Python", 0, 0, 204, 0, 0, 0, 0, 0, 0, 0, 0, 0, 0, 76, 60, 340
"c:\JoystickGremlin-develop\gremlin\reporting.py", "Python", 0, 0, 549, 0, 0, 0, 0, 0, 0, 0, 0, 0, 0, 80, 196, 825
"c:\JoystickGremlin-develop\gremlin\sendinput.py", "Python", 0, 0, 345, 0, 0, 0, 0, 0, 0, 0, 0, 0, 0, 127, 118, 590
"c:\JoystickGremlin-develop\gremlin\shared_state.py", "Python", 0, 0, 349, 0, 0, 0, 0, 0, 0, 0, 0, 0, 0, 88, 161, 598
"c:\JoystickGremlin-develop\gremlin\signal.py", "Python", 0, 0, 0, 0, 0, 0, 0, 0, 0, 0, 0, 0, 0, 24, 9, 33
"c:\JoystickGremlin-develop\gremlin\singleton_decorator.py", "Python", 0, 0, 8, 0, 0, 0, 0, 0, 0, 0, 0, 0, 0, 16, 8, 32
"c:\JoystickGremlin-develop\gremlin\sound.py", "Python", 0, 0, 661, 0, 0, 0, 0, 0, 0, 0, 0, 0, 0, 71, 223, 955
"c:\JoystickGremlin-develop\gremlin\spline.py", "Python", 0, 0, 113, 0, 0, 0, 0, 0, 0, 0, 0, 0, 0, 55, 43, 211
"c:\JoystickGremlin-develop\gremlin\tabstate.py", "Python", 0, 0, 76, 0, 0, 0, 0, 0, 0, 0, 0, 0, 0, 15, 34, 125
"c:\JoystickGremlin-develop\gremlin\threading.py", "Python", 0, 0, 80, 0, 0, 0, 0, 0, 0, 0, 0, 0, 0, 43, 54, 177
"c:\JoystickGremlin-develop\gremlin\tree.py", "Python", 0, 0, 120, 0, 0, 0, 0, 0, 0, 0, 0, 0, 0, 112, 36, 268
"c:\JoystickGremlin-develop\gremlin\tts.py", "Python", 0, 0, 257, 0, 0, 0, 0, 0, 0, 0, 0, 0, 0, 49, 83, 389
"c:\JoystickGremlin-develop\gremlin\types.py", "Python", 0, 0, 1197, 0, 0, 0, 0, 0, 0, 0, 0, 0, 0, 39, 222, 1458
"c:\JoystickGremlin-develop\gremlin\ui\__init__.py", "Python", 0, 0, 0, 0, 0, 0, 0, 0, 0, 0, 0, 0, 0, 15, 2, 17
"c:\JoystickGremlin-develop\gremlin\ui\axis_calibration.py", "Python", 0, 0, 1098, 0, 0, 0, 0, 0, 0, 0, 0, 0, 0, 94, 342, 1534
"c:\JoystickGremlin-develop\gremlin\ui\backend.py", "Python", 0, 0, 174, 0, 0, 0, 0, 0, 0, 0, 0, 0, 0, 138, 46, 358
"c:\JoystickGremlin-develop\gremlin\ui\config.py", "Python", 0, 0, 112, 0, 0, 0, 0, 0, 0, 0, 0, 0, 0, 20, 43, 175
"c:\JoystickGremlin-develop\gremlin\ui\deadzone.py", "Python", 0, 0, 309, 0, 0, 0, 0, 0, 0, 0, 0, 0, 0, 55, 86, 450
"c:\JoystickGremlin-develop\gremlin\ui\device.py", "Python", 0, 0, 499, 0, 0, 0, 0, 0, 0, 0, 0, 0, 0, 74, 146, 719
"c:\JoystickGremlin-develop\gremlin\ui\dialogs.py", "Python", 0, 0, 2993, 0, 0, 0, 0, 0, 0, 0, 0, 0, 0, 412, 1210, 4615
"c:\JoystickGremlin-develop\gremlin\ui\eliding.py", "Python", 0, 0, 138, 0, 0, 0, 0, 0, 0, 0, 0, 0, 0, 91, 51, 280
"c:\JoystickGremlin-develop\gremlin\ui\input_item.py", "Python", 0, 0, 3448, 0, 0, 0, 0, 0, 0, 0, 0, 0, 0, 655, 1280, 5383
"c:\JoystickGremlin-develop\gremlin\ui\input_viewer.py", "Python", 0, 0, 821, 0, 0, 0, 0, 0, 0, 0, 0, 0, 0, 91, 296, 1208
"c:\JoystickGremlin-develop\gremlin\ui\joystick_device.py", "Python", 0, 0, 1042, 0, 0, 0, 0, 0, 0, 0, 0, 0, 0, 164, 406, 1612
"c:\JoystickGremlin-develop\gremlin\ui\keyboard_device.py", "Python", 0, 0, 581, 0, 0, 0, 0, 0, 0, 0, 0, 0, 0, 92, 208, 881
"c:\JoystickGremlin-develop\gremlin\ui\merge_axis.py", "Python", 0, 0, 210, 0, 0, 0, 0, 0, 0, 0, 0, 0, 0, 59, 47, 316
"c:\JoystickGremlin-develop\gremlin\ui\midi_device.py", "Python", 0, 0, 1608, 0, 0, 0, 0, 0, 0, 0, 0, 0, 0, 166, 526, 2300
"c:\JoystickGremlin-develop\gremlin\ui\mode_device.py", "Python", 0, 0, 369, 0, 0, 0, 0, 0, 0, 0, 0, 0, 0, 71, 142, 582
"c:\JoystickGremlin-develop\gremlin\ui\octavi_device.py", "Python", 0, 0, 720, 0, 0, 0, 0, 0, 0, 0, 0, 0, 0, 70, 180, 970
"c:\JoystickGremlin-develop\gremlin\ui\osc_device.py", "Python", 0, 0, 2882, 0, 0, 0, 0, 0, 0, 0, 0, 0, 0, 759, 952, 4593
"c:\JoystickGremlin-develop\gremlin\ui\profile.py", "Python", 0, 0, 493, 0, 0, 0, 0, 0, 0, 0, 0, 0, 0, 85, 121, 699
"c:\JoystickGremlin-develop\gremlin\ui\profile_creator.py", "Python", 0, 0, 223, 0, 0, 0, 0, 0, 0, 0, 0, 0, 0, 96, 55, 374
"c:\JoystickGremlin-develop\gremlin\ui\profile_settings.py", "Python", 0, 0, 477, 0, 0, 0, 0, 0, 0, 0, 0, 0, 0, 109, 183, 769
"c:\JoystickGremlin-develop\gremlin\ui\qdatawidget.py", "Python", 0, 0, 13, 0, 0, 0, 0, 0, 0, 0, 0, 0, 0, 0, 6, 19
"c:\JoystickGremlin-develop\gremlin\ui\qsliderwidget.py", "Python", 0, 0, 853, 0, 0, 0, 0, 0, 0, 0, 0, 0, 0, 148, 263, 1264
"c:\JoystickGremlin-develop\gremlin\ui\state_device.py", "Python", 0, 0, 2491, 0, 0, 0, 0, 0, 0, 0, 0, 0, 0, 187, 768, 3446
"c:\JoystickGremlin-develop\gremlin\ui\theme.py", "Python", 0, 0, 14, 0, 0, 0, 0, 0, 0, 0, 0, 0, 0, 0, 5, 19
"c:\JoystickGremlin-develop\gremlin\ui\ui_about.py", "Python", 0, 0, 61, 0, 0, 0, 0, 0, 0, 0, 0, 0, 0, 8, 19, 88
"c:\JoystickGremlin-develop\gremlin\ui\ui_activation_condition.py", "Python", 0, 0, 1080, 0, 0, 0, 0, 0, 0, 0, 0, 0, 0, 207, 419, 1706
"c:\JoystickGremlin-develop\gremlin\ui\ui_common.py", "Python", 0, 0, 9690, 0, 0, 0, 0, 0, 0, 0, 0, 0, 0, 1672, 3132, 14494
"c:\JoystickGremlin-develop\gremlin\ui\ui_gremlin.py", "Python", 0, 0, 311, 0, 0, 0, 0, 0, 0, 0, 0, 0, 0, 51, 87, 449
"c:\JoystickGremlin-develop\gremlin\ui\ui_labeled.py", "Python", 0, 0, 0, 0, 0, 0, 0, 0, 0, 0, 0, 0, 0, 606, 140, 746
"c:\JoystickGremlin-develop\gremlin\ui\ui_util.py", "Python", 0, 0, 165, 0, 0, 0, 0, 0, 0, 0, 0, 0, 0, 61, 41, 267
"c:\JoystickGremlin-develop\gremlin\ui\user_plugin_management.py", "Python", 0, 0, 392, 0, 0, 0, 0, 0, 0, 0, 0, 0, 0, 58, 132, 582
"c:\JoystickGremlin-develop\gremlin\ui\virpil_device.py", "Python", 0, 0, 0, 0, 0, 0, 0, 0, 0, 0, 0, 0, 0, 164, 36, 200
"c:\JoystickGremlin-develop\gremlin\ui\virtual_button.py", "Python", 0, 0, 218, 0, 0, 0, 0, 0, 0, 0, 0, 0, 0, 61, 72, 351
"c:\JoystickGremlin-develop\gremlin\ui\virtual_keyboard.py", "Python", 0, 0, 1010, 0, 0, 0, 0, 0, 0, 0, 0, 0, 0, 82, 284, 1376
"c:\JoystickGremlin-develop\gremlin\user_plugin.py", "Python", 0, 0, 514, 0, 0, 0, 0, 0, 0, 0, 0, 0, 0, 183, 155, 852
"c:\JoystickGremlin-develop\gremlin\util.py", "Python", 0, 0, 1881, 0, 0, 0, 0, 0, 0, 0, 0, 0, 0, 273, 498, 2652
"c:\JoystickGremlin-develop\gremlin\version.py", "Python", 0, 0, 8, 0, 0, 0, 0, 0, 0, 0, 0, 0, 0, 16, 7, 31
"c:\JoystickGremlin-develop\gremlin\windows_event_hook.py", "Python", 0, 0, 455, 0, 0, 0, 0, 0, 0, 0, 0, 0, 0, 121, 155, 731
"c:\JoystickGremlin-develop\layout.xml", "XML", 0, 0, 0, 245, 0, 0, 0, 0, 0, 0, 0, 0, 0, 0, 2, 247
"c:\JoystickGremlin-develop\logs\custom_widgets.log", "Log", 0, 0, 0, 0, 0, 0, 0, 0, 0, 0, 13, 0, 0, 0, 1, 14
"c:\JoystickGremlin-develop\mkdocs.yml", "YAML", 37, 0, 0, 0, 0, 0, 0, 0, 0, 0, 0, 0, 0, 0, 0, 37
"c:\JoystickGremlin-develop\publish.bat", "Batch", 0, 0, 0, 0, 0, 0, 0, 0, 2, 0, 0, 0, 0, 0, 0, 2
"c:\JoystickGremlin-develop\qml\helpers.js", "JavaScript", 0, 0, 0, 0, 0, 0, 0, 15, 0, 0, 0, 0, 0, 0, 2, 17
"c:\JoystickGremlin-develop\qml_notes.md", "Markdown", 0, 0, 0, 0, 287, 0, 0, 0, 0, 0, 0, 0, 0, 0, 125, 412
"c:\JoystickGremlin-develop\qt5reactor\__init__.py", "Python", 0, 0, 3, 0, 0, 0, 0, 0, 0, 0, 0, 0, 0, 0, 2, 5
"c:\JoystickGremlin-develop\qt5reactor\_version.py", "Python", 0, 0, 321, 0, 0, 0, 0, 0, 0, 0, 0, 0, 0, 131, 69, 521
"c:\JoystickGremlin-develop\qt5reactor\core.py", "Python", 0, 0, 223, 0, 0, 0, 0, 0, 0, 0, 0, 0, 0, 176, 66, 465
"c:\JoystickGremlin-develop\qt5reactor\tests\__init__.py", "Python", 0, 0, 0, 0, 0, 0, 0, 0, 0, 0, 0, 0, 0, 0, 1, 1
"c:\JoystickGremlin-develop\qt5reactor\tests\test_core.py", "Python", 0, 0, 9, 0, 0, 0, 0, 0, 0, 0, 0, 0, 0, 0, 6, 15
"c:\JoystickGremlin-develop\requirements.txt", "pip requirements", 0, 0, 0, 0, 0, 25, 0, 0, 0, 0, 0, 0, 0, 3, 3, 31
"c:\JoystickGremlin-develop\resources.py", "Python", 0, 0, 15930, 0, 0, 0, 0, 0, 0, 0, 0, 0, 0, 57, 9, 15996
"c:\JoystickGremlin-develop\scripts\configuration.py", "Python", 0, 0, 171, 0, 0, 0, 0, 0, 0, 0, 0, 0, 0, 24, 56, 251
"c:\JoystickGremlin-develop\scripts\msfs.py", "Python", 0, 0, 483, 0, 0, 0, 0, 0, 0, 0, 0, 0, 0, 140, 156, 779
"c:\JoystickGremlin-develop\scripts\osc.py", "Python", 0, 0, 1028, 0, 0, 0, 0, 0, 0, 0, 0, 0, 0, 635, 350, 2013
"c:\JoystickGremlin-develop\scripts\sc.py", "Python", 0, 0, 575, 0, 0, 0, 0, 0, 0, 0, 0, 0, 0, 93, 219, 887
"c:\JoystickGremlin-develop\scripts\util.py", "Python", 0, 0, 183, 0, 0, 0, 0, 0, 0, 0, 0, 0, 0, 25, 58, 266
"c:\JoystickGremlin-develop\simconnect_simvars.xml", "XML", 0, 0, 0, 4987, 0, 0, 0, 0, 0, 0, 0, 0, 0, 0, 1, 4988
"c:\JoystickGremlin-develop\site\404.html", "HTML", 0, 0, 0, 0, 0, 0, 256, 0, 0, 0, 0, 0, 0, 0, 413, 669
"c:\JoystickGremlin-develop\site\actions\index.html", "HTML", 0, 0, 0, 0, 0, 0, 1785, 0, 0, 0, 0, 0, 0, 0, 682, 2467
"c:\JoystickGremlin-develop\site\assets\discord.svg", "XML", 0, 0, 0, 1, 0, 0, 0, 0, 0, 0, 0, 0, 0, 0, 0, 1
"c:\JoystickGremlin-develop\site\assets\javascripts\bundle.c8b220af.min.js", "JavaScript", 0, 0, 0, 0, 0, 0, 0, 14, 0, 0, 0, 0, 0, 1, 2, 17
"c:\JoystickGremlin-develop\site\assets\javascripts\glightbox.min.js", "JavaScript", 0, 0, 0, 0, 0, 0, 0, 1, 0, 0, 0, 0, 0, 0, 1, 2
"c:\JoystickGremlin-develop\site\assets\javascripts\lunr\min\lunr.ar.min.js", "JavaScript", 0, 0, 0, 0, 0, 0, 0, 1, 0, 0, 0, 0, 0, 0, 0, 1
"c:\JoystickGremlin-develop\site\assets\javascripts\lunr\min\lunr.da.min.js", "JavaScript", 0, 0, 0, 0, 0, 0, 0, 1, 0, 0, 0, 0, 0, 16, 1, 18
"c:\JoystickGremlin-develop\site\assets\javascripts\lunr\min\lunr.de.min.js", "JavaScript", 0, 0, 0, 0, 0, 0, 0, 1, 0, 0, 0, 0, 0, 16, 1, 18
"c:\JoystickGremlin-develop\site\assets\javascripts\lunr\min\lunr.du.min.js", "JavaScript", 0, 0, 0, 0, 0, 0, 0, 1, 0, 0, 0, 0, 0, 16, 1, 18
"c:\JoystickGremlin-develop\site\assets\javascripts\lunr\min\lunr.el.min.js", "JavaScript", 0, 0, 0, 0, 0, 0, 0, 1, 0, 0, 0, 0, 0, 0, 0, 1
"c:\JoystickGremlin-develop\site\assets\javascripts\lunr\min\lunr.es.min.js", "JavaScript", 0, 0, 0, 0, 0, 0, 0, 1, 0, 0, 0, 0, 0, 16, 1, 18
"c:\JoystickGremlin-develop\site\assets\javascripts\lunr\min\lunr.fi.min.js", "JavaScript", 0, 0, 0, 0, 0, 0, 0, 1, 0, 0, 0, 0, 0, 16, 1, 18
"c:\JoystickGremlin-develop\site\assets\javascripts\lunr\min\lunr.fr.min.js", "JavaScript", 0, 0, 0, 0, 0, 0, 0, 1, 0, 0, 0, 0, 0, 16, 1, 18
"c:\JoystickGremlin-develop\site\assets\javascripts\lunr\min\lunr.he.min.js", "JavaScript", 0, 0, 0, 0, 0, 0, 0, 1, 0, 0, 0, 0, 0, 0, 0, 1
"c:\JoystickGremlin-develop\site\assets\javascripts\lunr\min\lunr.hi.min.js", "JavaScript", 0, 0, 0, 0, 0, 0, 0, 1, 0, 0, 0, 0, 0, 0, 0, 1
"c:\JoystickGremlin-develop\site\assets\javascripts\lunr\min\lunr.hu.min.js", "JavaScript", 0, 0, 0, 0, 0, 0, 0, 1, 0, 0, 0, 0, 0, 16, 1, 18
"c:\JoystickGremlin-develop\site\assets\javascripts\lunr\min\lunr.hy.min.js", "JavaScript", 0, 0, 0, 0, 0, 0, 0, 1, 0, 0, 0, 0, 0, 0, 0, 1
"c:\JoystickGremlin-develop\site\assets\javascripts\lunr\min\lunr.it.min.js", "JavaScript", 0, 0, 0, 0, 0, 0, 0, 1, 0, 0, 0, 0, 0, 16, 1, 18
"c:\JoystickGremlin-develop\site\assets\javascripts\lunr\min\lunr.ja.min.js", "JavaScript", 0, 0, 0, 0, 0, 0, 0, 1, 0, 0, 0, 0, 0, 0, 0, 1
"c:\JoystickGremlin-develop\site\assets\javascripts\lunr\min\lunr.jp.min.js", "JavaScript", 0, 0, 0, 0, 0, 0, 0, 1, 0, 0, 0, 0, 0, 0, 0, 1
"c:\JoystickGremlin-develop\site\assets\javascripts\lunr\min\lunr.kn.min.js", "JavaScript", 0, 0, 0, 0, 0, 0, 0, 1, 0, 0, 0, 0, 0, 0, 0, 1
"c:\JoystickGremlin-develop\site\assets\javascripts\lunr\min\lunr.ko.min.js", "JavaScript", 0, 0, 0, 0, 0, 0, 0, 1, 0, 0, 0, 0, 0, 0, 0, 1
"c:\JoystickGremlin-develop\site\assets\javascripts\lunr\min\lunr.multi.min.js", "JavaScript", 0, 0, 0, 0, 0, 0, 0, 1, 0, 0, 0, 0, 0, 0, 0, 1
"c:\JoystickGremlin-develop\site\assets\javascripts\lunr\min\lunr.nl.min.js", "JavaScript", 0, 0, 0, 0, 0, 0, 0, 1, 0, 0, 0, 0, 0, 16, 1, 18
"c:\JoystickGremlin-develop\site\assets\javascripts\lunr\min\lunr.no.min.js", "JavaScript", 0, 0, 0, 0, 0, 0, 0, 1, 0, 0, 0, 0, 0, 16, 1, 18
"c:\JoystickGremlin-develop\site\assets\javascripts\lunr\min\lunr.pt.min.js", "JavaScript", 0, 0, 0, 0, 0, 0, 0, 1, 0, 0, 0, 0, 0, 16, 1, 18
"c:\JoystickGremlin-develop\site\assets\javascripts\lunr\min\lunr.ro.min.js", "JavaScript", 0, 0, 0, 0, 0, 0, 0, 1, 0, 0, 0, 0, 0, 16, 1, 18
"c:\JoystickGremlin-develop\site\assets\javascripts\lunr\min\lunr.ru.min.js", "JavaScript", 0, 0, 0, 0, 0, 0, 0, 1, 0, 0, 0, 0, 0, 16, 1, 18
"c:\JoystickGremlin-develop\site\assets\javascripts\lunr\min\lunr.sa.min.js", "JavaScript", 0, 0, 0, 0, 0, 0, 0, 1, 0, 0, 0, 0, 0, 0, 0, 1
"c:\JoystickGremlin-develop\site\assets\javascripts\lunr\min\lunr.stemmer.support.min.js", "JavaScript", 0, 0, 0, 0, 0, 0, 0, 1, 0, 0, 0, 0, 0, 0, 0, 1
"c:\JoystickGremlin-develop\site\assets\javascripts\lunr\min\lunr.sv.min.js", "JavaScript", 0, 0, 0, 0, 0, 0, 0, 1, 0, 0, 0, 0, 0, 16, 1, 18
"c:\JoystickGremlin-develop\site\assets\javascripts\lunr\min\lunr.ta.min.js", "JavaScript", 0, 0, 0, 0, 0, 0, 0, 1, 0, 0, 0, 0, 0, 0, 0, 1
"c:\JoystickGremlin-develop\site\assets\javascripts\lunr\min\lunr.te.min.js", "JavaScript", 0, 0, 0, 0, 0, 0, 0, 1, 0, 0, 0, 0, 0, 0, 0, 1
"c:\JoystickGremlin-develop\site\assets\javascripts\lunr\min\lunr.th.min.js", "JavaScript", 0, 0, 0, 0, 0, 0, 0, 1, 0, 0, 0, 0, 0, 0, 0, 1
"c:\JoystickGremlin-develop\site\assets\javascripts\lunr\min\lunr.tr.min.js", "JavaScript", 0, 0, 0, 0, 0, 0, 0, 1, 0, 0, 0, 0, 0, 16, 1, 18
"c:\JoystickGremlin-develop\site\assets\javascripts\lunr\min\lunr.vi.min.js", "JavaScript", 0, 0, 0, 0, 0, 0, 0, 1, 0, 0, 0, 0, 0, 0, 0, 1
"c:\JoystickGremlin-develop\site\assets\javascripts\lunr\min\lunr.zh.min.js", "JavaScript", 0, 0, 0, 0, 0, 0, 0, 1, 0, 0, 0, 0, 0, 0, 0, 1
"c:\JoystickGremlin-develop\site\assets\javascripts\lunr\tinyseg.js", "JavaScript", 0, 0, 0, 0, 0, 0, 0, 176, 0, 0, 0, 0, 0, 21, 9, 206
"c:\JoystickGremlin-develop\site\assets\javascripts\lunr\wordcut.js", "JavaScript", 0, 0, 0, 0, 0, 0, 0, 4882, 0, 0, 0, 0, 0, 915, 911, 6708
"c:\JoystickGremlin-develop\site\assets\javascripts\workers\search.f8cc74c7.min.js", "JavaScript", 0, 0, 0, 0, 0, 0, 0, 38, 0, 0, 0, 0, 0, 3, 2, 43
"c:\JoystickGremlin-develop\site\assets\stylesheets\glightbox.min.css", "PostCSS", 0, 0, 0, 0, 0, 0, 0, 0, 0, 0, 0, 1, 0, 0, 0, 1
"c:\JoystickGremlin-develop\site\assets\stylesheets\main.2afb09e1.min.css", "PostCSS", 0, 0, 0, 0, 0, 0, 0, 0, 0, 0, 0, 1, 0, 0, 0, 1
"c:\JoystickGremlin-develop\site\assets\stylesheets\palette.06af60db.min.css", "PostCSS", 0, 0, 0, 0, 0, 0, 0, 0, 0, 0, 0, 1, 0, 0, 0, 1
"c:\JoystickGremlin-develop\site\assets\warning.svg", "XML", 0, 0, 0, 1, 0, 0, 0, 0, 0, 0, 0, 0, 0, 0, 0, 1
"c:\JoystickGremlin-develop\site\containers\index.html", "HTML", 0, 0, 0, 0, 0, 0, 497, 0, 0, 0, 0, 0, 0, 0, 498, 995
"c:\JoystickGremlin-develop\site\credits\index.html", "HTML", 0, 0, 0, 0, 0, 0, 283, 0, 0, 0, 0, 0, 0, 0, 445, 728
"c:\JoystickGremlin-develop\site\index.html", "HTML", 0, 0, 0, 0, 0, 0, 571, 0, 0, 0, 0, 0, 0, 0, 525, 1096
"c:\JoystickGremlin-develop\site\ktts\index.html", "HTML", 0, 0, 0, 0, 0, 0, 448, 0, 0, 0, 0, 0, 0, 0, 479, 927
"c:\JoystickGremlin-develop\site\overview\index.html", "HTML", 0, 0, 0, 0, 0, 0, 1588, 0, 0, 0, 0, 0, 0, 0, 694, 2282
"c:\JoystickGremlin-develop\site\resources\index.html", "HTML", 0, 0, 0, 0, 0, 0, 477, 0, 0, 0, 0, 0, 0, 0, 506, 983
"c:\JoystickGremlin-develop\site\scripting\index.html", "HTML", 0, 0, 0, 0, 0, 0, 552, 0, 0, 0, 0, 0, 0, 0, 525, 1077
"c:\JoystickGremlin-develop\site\search\search_index.json", "JSON", 0, 0, 0, 0, 0, 0, 0, 0, 0, 1, 0, 0, 0, 0, 0, 1
"c:\JoystickGremlin-develop\site\sitemap.xml", "XML", 0, 0, 0, 39, 0, 0, 0, 0, 0, 0, 0, 0, 0, 0, 0, 39
"c:\JoystickGremlin-develop\site\usage\index.html", "HTML", 0, 0, 0, 0, 0, 0, 5367, 0, 0, 0, 0, 0, 0, 0, 1394, 6761
"c:\JoystickGremlin-develop\test\action_condition_complex.xml", "XML", 0, 0, 0, 171, 0, 0, 0, 0, 0, 0, 0, 0, 0, 0, 3, 174
"c:\JoystickGremlin-develop\test\action_condition_simple.xml", "XML", 0, 0, 0, 47, 0, 0, 0, 0, 0, 0, 0, 0, 0, 0, 0, 47
"c:\JoystickGremlin-develop\test\conftest.py", "Python", 0, 0, 15, 0, 0, 0, 0, 0, 0, 0, 0, 0, 0, 0, 7, 22
"c:\JoystickGremlin-develop\test\test_vjoy_remap.py", "Python", 0, 0, 4, 0, 0, 0, 0, 0, 0, 0, 0, 0, 0, 0, 5, 9
"c:\JoystickGremlin-develop\test\x_test_action_condition.py", "Python", 0, 0, 112, 0, 0, 0, 0, 0, 0, 0, 0, 0, 0, 18, 26, 156
"c:\JoystickGremlin-develop\test\x_test_action_description.py", "Python", 0, 0, 22, 0, 0, 0, 0, 0, 0, 0, 0, 0, 0, 59, 14, 95
"c:\JoystickGremlin-develop\test\x_test_action_remap.py", "Python", 0, 0, 123, 0, 0, 0, 0, 0, 0, 0, 0, 0, 0, 15, 21, 159
"c:\JoystickGremlin-develop\test\x_test_action_tempo.py", "Python", 0, 0, 65, 0, 0, 0, 0, 0, 0, 0, 0, 0, 0, 15, 17, 97
"c:\JoystickGremlin-develop\test\x_test_config.py", "Python", 0, 0, 71, 0, 0, 0, 0, 0, 0, 0, 0, 0, 0, 15, 25, 111
"c:\JoystickGremlin-develop\test\x_test_profile.py", "Python", 0, 0, 222, 0, 0, 0, 0, 0, 0, 0, 0, 0, 0, 25, 36, 283
"c:\JoystickGremlin-develop\test\x_test_tree.py", "Python", 0, 0, 223, 0, 0, 0, 0, 0, 0, 0, 0, 0, 0, 15, 52, 290
"c:\JoystickGremlin-develop\test\x_test_util.py", "Python", 0, 0, 115, 0, 0, 0, 0, 0, 0, 0, 0, 0, 0, 15, 18, 148
"c:\JoystickGremlin-develop\vigem\vigem_client.py", "Python", 0, 0, 114, 0, 0, 0, 0, 0, 0, 0, 0, 0, 0, 175, 48, 337
"c:\JoystickGremlin-develop\vigem\vigem_commons.py", "Python", 0, 0, 128, 0, 0, 0, 0, 0, 0, 0, 0, 0, 0, 41, 33, 202
"c:\JoystickGremlin-develop\vigem\vigem_gamepad.py", "Python", 0, 0, 198, 0, 0, 0, 0, 0, 0, 0, 0, 0, 0, 250, 75, 523
"c:\JoystickGremlin-develop\vjoy\__init__.py", "Python", 0, 0, 0, 0, 0, 0, 0, 0, 0, 0, 0, 0, 0, 15, 2, 17
"c:\JoystickGremlin-develop\vjoy\vjoy.py", "Python", 0, 0, 574, 0, 0, 0, 0, 0, 0, 0, 0, 0, 0, 318, 186, 1078
"c:\JoystickGremlin-develop\vjoy\vjoy_interface.py", "Python", 0, 0, 156, 0, 0, 0, 0, 0, 0, 0, 0, 0, 0, 30, 33, 219
"Total", "-", 76, 0, 133937, 15617, 4919, 25, 13208, 5158, 44, 1, 13, 3, 18, 24840, 48494, 246353