"filename", "language", "YAML", "Batch", "Python", "Markdown", "XML", "pip requirements", "HTML", "JavaScript", "JSON", "PostCSS", "comment", "blank", "total"
"c:\JoystickGremlin-develop\.github\FUNDING.yml", "YAML", 0, 0, 0, 0, 0, 0, 0, 0, 0, 0, 0, -1, -1
"c:\JoystickGremlin-develop\.github\workflows\github-actions-docs.yml", "YAML", 29, 0, 0, 0, 0, 0, 0, 0, 0, 0, 0, 7, 36
"c:\JoystickGremlin-develop\README.md", "Markdown", 0, 0, 0, 418, 0, 0, 0, 0, 0, 0, 0, -283, 135
"c:\JoystickGremlin-develop\action_plugins\control\__init__.py", "Python", 0, 0, 8, 0, 0, 0, 0, 0, 0, 0, 7, 0, 15
"c:\JoystickGremlin-develop\action_plugins\cycle_modes\__init__.py", "Python", 0, 0, 28, 0, 0, 0, 0, 0, 0, 0, 8, 2, 38
"c:\JoystickGremlin-develop\action_plugins\description\__init__.py", "Python", 0, 0, 26, 0, 0, 0, 0, 0, 0, 0, 17, 14, 57
"c:\JoystickGremlin-develop\action_plugins\gated_axis\__init__.py", "Python", 0, 0, 1252, 0, 0, 0, 0, 0, 0, 0, 94, 467, 1813
"c:\JoystickGremlin-develop\action_plugins\kvm\__init__.py", "Python", 0, 0, 297, 0, 0, 0, 0, 0, 0, 0, 71, 122, 490
"c:\JoystickGremlin-develop\action_plugins\macro\__init__.py", "Python", 0, 0, 1548, 0, 0, 0, 0, 0, 0, 0, 201, 447, 2196
"c:\JoystickGremlin-develop\action_plugins\macro\gfx\dark_macro_add_pause.svg", "XML", 0, 0, 0, 0, 48, 0, 0, 0, 0, 0, 0, 0, 48
"c:\JoystickGremlin-develop\action_plugins\macro\gfx\dark_macro_record.svg", "XML", 0, 0, 0, 0, 48, 0, 0, 0, 0, 0, 0, 0, 48
"c:\JoystickGremlin-develop\action_plugins\macro\gfx\dark_macro_record_on.svg", "XML", 0, 0, 0, 0, 48, 0, 0, 0, 0, 0, 0, 0, 48
"c:\JoystickGremlin-develop\action_plugins\macro\gfx\dark_pause.svg", "XML", 0, 0, 0, 0, 73, 0, 0, 0, 0, 0, 1, 2, 76
"c:\JoystickGremlin-develop\action_plugins\macro\gfx\dark_press.svg", "XML", 0, 0, 0, 0, 65, 0, 0, 0, 0, 0, 1, 2, 68
"c:\JoystickGremlin-develop\action_plugins\macro\gfx\dark_record_axis.svg", "XML", 0, 0, 0, 0, 70, 0, 0, 0, 0, 0, 1, 2, 73
"c:\JoystickGremlin-develop\action_plugins\macro\gfx\dark_record_axis_on.svg", "XML", 0, 0, 0, 0, 70, 0, 0, 0, 0, 0, 1, 2, 73
"c:\JoystickGremlin-develop\action_plugins\macro\gfx\dark_record_button.svg", "XML", 0, 0, 0, 0, 70, 0, 0, 0, 0, 0, 1, 2, 73
"c:\JoystickGremlin-develop\action_plugins\macro\gfx\dark_record_button_on.svg", "XML", 0, 0, 0, 0, 70, 0, 0, 0, 0, 0, 1, 2, 73
"c:\JoystickGremlin-develop\action_plugins\macro\gfx\dark_record_hat.svg", "XML", 0, 0, 0, 0, 70, 0, 0, 0, 0, 0, 1, 2, 73
"c:\JoystickGremlin-develop\action_plugins\macro\gfx\dark_record_hat_on.svg", "XML", 0, 0, 0, 0, 70, 0, 0, 0, 0, 0, 1, 2, 73
"c:\JoystickGremlin-develop\action_plugins\macro\gfx\dark_record_key.svg", "XML", 0, 0, 0, 0, 70, 0, 0, 0, 0, 0, 1, 2, 73
"c:\JoystickGremlin-develop\action_plugins\macro\gfx\dark_record_key_on.svg", "XML", 0, 0, 0, 0, 70, 0, 0, 0, 0, 0, 1, 2, 73
"c:\JoystickGremlin-develop\action_plugins\macro\gfx\dark_record_mouse.svg", "XML", 0, 0, 0, 0, 70, 0, 0, 0, 0, 0, 1, 2, 73
"c:\JoystickGremlin-develop\action_plugins\macro\gfx\dark_record_mouse_on.svg", "XML", 0, 0, 0, 0, 70, 0, 0, 0, 0, 0, 1, 2, 73
"c:\JoystickGremlin-develop\action_plugins\macro\gfx\dark_release.svg", "XML", 0, 0, 0, 0, 65, 0, 0, 0, 0, 0, 1, 2, 68
"c:\JoystickGremlin-develop\action_plugins\macro\gfx\dark_time.svg", "XML", 0, 0, 0, 0, 104, 0, 0, 0, 0, 0, 1, 2, 107
"c:\JoystickGremlin-develop\action_plugins\macro\gfx\dark_time_on.svg", "XML", 0, 0, 0, 0, 99, 0, 0, 0, 0, 0, 1, 2, 102
"c:\JoystickGremlin-develop\action_plugins\map_to_gamepad\__init__.py", "Python", 0, 0, 9, 0, 0, 0, 0, 0, 0, 0, 50, -5, 54
"c:\JoystickGremlin-develop\action_plugins\map_to_keyboard\__init__.py", "Python", 0, 0, -11, 0, 0, 0, 0, 0, 0, 0, 46, -6, 29
"c:\JoystickGremlin-develop\action_plugins\map_to_keyboard_ex\__init__.py", "Python", 0, 0, 333, 0, 0, 0, 0, 0, 0, 0, 59, 122, 514
"c:\JoystickGremlin-develop\action_plugins\map_to_mouse\__init__.py", "Python", 0, 0, -26, 0, 0, 0, 0, 0, 0, 0, 73, -7, 40
"c:\JoystickGremlin-develop\action_plugins\map_to_mouse_ex\__init__.py", "Python", 0, 0, 320, 0, 0, 0, 0, 0, 0, 0, 83, 124, 527
"c:\JoystickGremlin-develop\action_plugins\map_to_octavi_ifr1\__init__.py", "Python", 0, 0, 136, 0, 0, 0, 0, 0, 0, 0, 42, 55, 233
"c:\JoystickGremlin-develop\action_plugins\map_to_osc\__init__.py", "Python", 0, 0, 117, 0, 0, 0, 0, 0, 0, 0, 57, 41, 215
"c:\JoystickGremlin-develop\action_plugins\map_to_osc_ex\__init__.py", "Python", 0, 0, 1294, 0, 0, 0, 0, 0, 0, 0, 110, 394, 1798
"c:\JoystickGremlin-develop\action_plugins\map_to_simconnect\SimConnectManager.py", "Python", 0, 0, 150, 0, 0, 0, 0, 0, 0, 0, 11, 44, 205
"c:\JoystickGremlin-develop\action_plugins\map_to_simconnect\SimConnect\Attributes.py", "Python", 0, 0, 7, 0, 0, 0, 0, 0, 0, 0, 4, 1, 12
"c:\JoystickGremlin-develop\action_plugins\map_to_simconnect\SimConnect\Enum.py", "Python", 0, 0, 82, 0, 0, 0, 0, 0, 0, 0, 3, 11, 96
"c:\JoystickGremlin-develop\action_plugins\map_to_simconnect\SimConnect\EventList.py", "Python", 0, 0, -1, 0, 0, 0, 0, 0, 0, 0, 1, 2, 2
"c:\JoystickGremlin-develop\action_plugins\map_to_simconnect\SimConnect\RequestList.py", "Python", 0, 0, -1, 0, 0, 0, 0, 0, 0, 0, 1, 0, 0
"c:\JoystickGremlin-develop\action_plugins\map_to_simconnect\SimConnect\SimConnect.py", "Python", 0, 0, 51, 0, 0, 0, 0, 0, 0, 0, 37, 21, 109
"c:\JoystickGremlin-develop\action_plugins\map_to_simconnect\SimConnect\SimConnectBridge.py", "Python", 0, 0, 35, 0, 0, 0, 0, 0, 0, 0, 1, 7, 43
"c:\JoystickGremlin-develop\action_plugins\map_to_simconnect\__init__.py", "Python", 0, 0, 676, 0, 0, 0, 0, 0, 0, 0, 152, 247, 1075
"c:\JoystickGremlin-develop\action_plugins\map_to_state\__init__.py", "Python", 0, 0, 919, 0, 0, 0, 0, 0, 0, 0, 92, 318, 1329
"c:\JoystickGremlin-develop\action_plugins\map_to_trigger\__init__.py", "Python", 0, 0, 358, 0, 0, 0, 0, 0, 0, 0, 15, 127, 500
"c:\JoystickGremlin-develop\action_plugins\map_to_vjoy\__init__.py", "Python", 0, 0, 2068, 0, 0, 0, 0, 0, 0, 0, 200, 703, 2971
"c:\JoystickGremlin-develop\action_plugins\merged_axis\__init__.py", "Python", 0, 0, -447, 0, 0, 0, 0, 0, 0, 0, -57, -195, -699
"c:\JoystickGremlin-develop\action_plugins\noop\__init__.py", "Python", 0, 0, 1, 0, 0, 0, 0, 0, 0, 0, 4, -1, 4
"c:\JoystickGremlin-develop\action_plugins\os_actions\__init__.py", "Python", 0, 0, 297, 0, 0, 0, 0, 0, 0, 0, 26, 103, 426
"c:\JoystickGremlin-develop\action_plugins\pause\__init__.py", "Python", 0, 0, 11, 0, 0, 0, 0, 0, 0, 0, 4, -1, 14
"c:\JoystickGremlin-develop\action_plugins\play_sound\__init__.py", "Python", 0, 0, 652, 0, 0, 0, 0, 0, 0, 0, 43, 201, 896
"c:\JoystickGremlin-develop\action_plugins\previous_mode\__init__.py", "Python", 0, 0, 6, 0, 0, 0, 0, 0, 0, 0, 3, 0, 9
"c:\JoystickGremlin-develop\action_plugins\remap\__init__.py", "Python", 0, 0, 49, 0, 0, 0, 0, 0, 0, 0, 33, 10, 92
"c:\JoystickGremlin-develop\action_plugins\response_curve\__init__.py", "Python", 0, 0, -191, 0, 0, 0, 0, 0, 0, 0, 299, -49, 59
"c:\JoystickGremlin-develop\action_plugins\response_curve_ex\__init__.py", "Python", 0, 0, 8, 0, 0, 0, 0, 0, 0, 0, 35, 4, 47
"c:\JoystickGremlin-develop\action_plugins\resume\__init__.py", "Python", 0, 0, 6, 0, 0, 0, 0, 0, 0, 0, 4, -1, 9
"c:\JoystickGremlin-develop\action_plugins\run_process\__init__.py", "Python", 0, 0, 21, 0, 0, 0, 0, 0, 0, 0, 7, -1, 27
"c:\JoystickGremlin-develop\action_plugins\split_axis\__init__.py", "Python", 0, 0, -18, 0, 0, 0, 0, 0, 0, 0, 28, -5, 5
"c:\JoystickGremlin-develop\action_plugins\switch_mode\__init__.py", "Python", 0, 0, 91, 0, 0, 0, 0, 0, 0, 0, 18, 43, 152
"c:\JoystickGremlin-develop\action_plugins\system\__init__.py", "Python", 0, 0, 0, 0, 0, 0, 0, 0, 0, 0, -210, -80, -290
"c:\JoystickGremlin-develop\action_plugins\temporary_mode_switch\__init__.py", "Python", 0, 0, 110, 0, 0, 0, 0, 0, 0, 0, 0, 44, 154
"c:\JoystickGremlin-develop\action_plugins\text_to_speech\__init__.py", "Python", 0, 0, 107, 0, 0, 0, 0, 0, 0, 0, -4, 25, 128
"c:\JoystickGremlin-develop\action_plugins\toggle_pause\__init__.py", "Python", 0, 0, 8, 0, 0, 0, 0, 0, 0, 0, 3, 1, 12
"c:\JoystickGremlin-develop\build_docs.bat", "Batch", 0, 2, 0, 0, 0, 0, 0, 0, 0, 0, 0, 0, 2
"c:\JoystickGremlin-develop\container_plugins\basic\__init__.py", "Python", 0, 0, -11, 0, 0, 0, 0, 0, 0, 0, 45, 7, 41
"c:\JoystickGremlin-develop\container_plugins\button\__init__.py", "Python", 0, 0, 45, 0, 0, 0, 0, 0, 0, 0, 57, 28, 130
"c:\JoystickGremlin-develop\container_plugins\chain\__init__.py", "Python", 0, 0, -18, 0, 0, 0, 0, 0, 0, 0, 46, -3, 25
"c:\JoystickGremlin-develop\container_plugins\double_tap\__init__.py", "Python", 0, 0, -34, 0, 0, 0, 0, 0, 0, 0, 69, -4, 31
"c:\JoystickGremlin-develop\container_plugins\hat_buttons\__init__.py", "Python", 0, 0, 32, 0, 0, 0, 0, 0, 0, 0, 88, 52, 172
"c:\JoystickGremlin-develop\container_plugins\range\__init__.py", "Python", 0, 0, -19, 0, 0, 0, 0, 0, 0, 0, 38, -14, 5
"c:\JoystickGremlin-develop\container_plugins\repeat\__init__.py", "Python", 0, 0, 317, 0, 0, 0, 0, 0, 0, 0, 77, 122, 516
"c:\JoystickGremlin-develop\container_plugins\sequence\__init__.py", "Python", 0, 0, 826, 0, 0, 0, 0, 0, 0, 0, 92, 296, 1214
"c:\JoystickGremlin-develop\container_plugins\smart_toggle\__init__.py", "Python", 0, 0, 40, 0, 0, 0, 0, 0, 0, 0, 57, 18, 115
"c:\JoystickGremlin-develop\container_plugins\state\__init__.py", "Python", 0, 0, 250, 0, 0, 0, 0, 0, 0, 0, 79, 84, 413
"c:\JoystickGremlin-develop\container_plugins\switch\__init__.py", "Python", 0, 0, -26, 0, 0, 0, 0, 0, 0, 0, 46, -10, 10
"c:\JoystickGremlin-develop\container_plugins\tempoEx\__init__.py", "Python", 0, 0, 400, 0, 0, 0, 0, 0, 0, 0, 117, 165, 682
"c:\JoystickGremlin-develop\container_plugins\tempo\__init__.py", "Python", 0, 0, 12, 0, 0, 0, 0, 0, 0, 0, 72, 23, 107
"c:\JoystickGremlin-develop\container_plugins\tick\__init__.py", "Python", 0, 0, -20, 0, 0, 0, 0, 0, 0, 0, 67, -14, 33
"c:\JoystickGremlin-develop\container_plugins\trigger\__init__.py", "Python", 0, 0, 287, 0, 0, 0, 0, 0, 0, 0, 77, 116, 480
"c:\JoystickGremlin-develop\deploy.bat", "Batch", 0, 1, 0, 0, 0, 0, 0, 0, 0, 0, 0, 1, 2
"c:\JoystickGremlin-develop\deploy_ai.bat", "Batch", 0, 17, 0, 0, 0, 0, 0, 0, 0, 0, 0, 7, 24
"c:\JoystickGremlin-develop\deploy_full.bat", "Batch", 0, 4, 0, 0, 0, 0, 0, 0, 0, 0, 0, 2, 6
"c:\JoystickGremlin-develop\deploy_nuitka.cmd", "Batch", 0, 1, 0, 0, 0, 0, 0, 0, 0, 0, 0, 0, 1
"c:\JoystickGremlin-develop\dinput\__init__.py", "Python", 0, 0, -32, 0, 0, 0, 0, 0, 0, 0, 276, 31, 275
"c:\JoystickGremlin-develop\docs\actions.md", "Markdown", 0, 0, 0, 316, 0, 0, 0, 0, 0, 0, 0, 206, 522
"c:\JoystickGremlin-develop\docs\assets\discord.svg", "XML", 0, 0, 0, 0, 1, 0, 0, 0, 0, 0, 0, 0, 1
"c:\JoystickGremlin-develop\docs\assets\warning.svg", "XML", 0, 0, 0, 0, 1, 0, 0, 0, 0, 0, 0, 0, 1
"c:\JoystickGremlin-develop\docs\containers.md", "Markdown", 0, 0, 0, 42, 0, 0, 0, 0, 0, 0, 0, 30, 72
"c:\JoystickGremlin-develop\docs\credits.md", "Markdown", 0, 0, 0, 10, 0, 0, 0, 0, 0, 0, 0, 10, 20
"c:\JoystickGremlin-develop\docs\index.md", "Markdown", 0, 0, 0, 72, 0, 0, 0, 0, 0, 0, 0, 62, 134
"c:\JoystickGremlin-develop\docs\ktts.md", "Markdown", 0, 0, 0, 92, 0, 0, 0, 0, 0, 0, 0, 50, 142
"c:\JoystickGremlin-develop\docs\overview.md", "Markdown", 0, 0, 0, 371, 0, 0, 0, 0, 0, 0, 0, 269, 640
"c:\JoystickGremlin-develop\docs\resources.md", "Markdown", 0, 0, 0, 55, 0, 0, 0, 0, 0, 0, 0, 58, 113
"c:\JoystickGremlin-develop\docs\scripting.md", "Markdown", 0, 0, 0, 110, 0, 0, 0, 0, 0, 0, 0, 75, 185
"c:\JoystickGremlin-develop\docs\usage.md", "Markdown", 0, 0, 0, 1246, 0, 0, 0, 0, 0, 0, 0, 1061, 2307
"c:\JoystickGremlin-develop\docs_server.bat", "Batch", 0, 1, 0, 0, 0, 0, 0, 0, 0, 0, 0, 0, 1
"c:\JoystickGremlin-develop\generate_wix.py", "Python", 0, 0, -48, 0, 0, 0, 0, 0, 0, 0, 59, -11, 0
"c:\JoystickGremlin-develop\gfx\dark_list_delete.svg", "XML", 0, 0, 0, 0, 47, 0, 0, 0, 0, 0, 0, 0, 47
"c:\JoystickGremlin-develop\gfx\dark_list_down.svg", "XML", 0, 0, 0, 0, 47, 0, 0, 0, 0, 0, 0, 0, 47
"c:\JoystickGremlin-develop\gfx\dark_list_up.svg", "XML", 0, 0, 0, 0, 47, 0, 0, 0, 0, 0, 0, 0, 47
"c:\JoystickGremlin-develop\gfx\input_viewer.svg", "XML", 0, 0, 0, 0, -51, 0, 0, 0, 0, 0, 0, 0, -51
"c:\JoystickGremlin-develop\gremlinEx.py", "Python", 0, 0, 3449, 0, 0, 0, 0, 0, 0, 0, 768, 1537, 5754
"c:\JoystickGremlin-develop\gremlinEx_nuitka.yml", "YAML", 9, 0, 0, 0, 0, 0, 0, 0, 0, 0, 0, 0, 9
"c:\JoystickGremlin-develop\gremlin\__init__.py", "Python", 0, 0, 0, 0, 0, 0, 0, 0, 0, 0, 4, 1, 5
"c:\JoystickGremlin-develop\gremlin\actions.py", "Python", 0, 0, 69, 0, 0, 0, 0, 0, 0, 0, 211, 59, 339
"c:\JoystickGremlin-develop\gremlin\base_buttons.py", "Python", 0, 0, -28, 0, 0, 0, 0, 0, 0, 0, 37, -7, 2
"c:\JoystickGremlin-develop\gremlin\base_classes.py", "Python", 0, 0, 68, 0, 0, 0, 0, 0, 0, 0, 0, 17, 85
"c:\JoystickGremlin-develop\gremlin\base_conditions.py", "Python", 0, 0, 141, 0, 0, 0, 0, 0, 0, 0, 110, 15, 266
"c:\JoystickGremlin-develop\gremlin\base_profile.py", "Python", 0, 0, 2095, 0, 0, 0, 0, 0, 0, 0, 492, 693, 3280
"c:\JoystickGremlin-develop\gremlin\cheatsheet.py", "Python", 0, 0, -423, 0, 0, 0, 0, 0, 0, 0, 413, 13, 3
"c:\JoystickGremlin-develop\gremlin\clipboard.py", "Python", 0, 0, 26, 0, 0, 0, 0, 0, 0, 0, -2, 0, 24
"c:\JoystickGremlin-develop\gremlin\code_runner.py", "Python", 0, 0, 93, 0, 0, 0, 0, 0, 0, 0, 69, 51, 213
"c:\JoystickGremlin-develop\gremlin\common.py", "Python", 0, 0, -15, 0, 0, 0, 0, 0, 0, 0, 12, -1, -4
"c:\JoystickGremlin-develop\gremlin\config.py", "Python", 0, 0, 790, 0, 0, 0, 0, 0, 0, 0, 258, 196, 1244
"c:\JoystickGremlin-develop\gremlin\control_action.py", "Python", 0, 0, -22, 0, 0, 0, 0, 0, 0, 0, 30, -6, 2
"c:\JoystickGremlin-develop\gremlin\curve_handler.py", "Python", 0, 0, -160, 0, 0, 0, 0, 0, 0, 0, 284, -35, 89
"c:\JoystickGremlin-develop\gremlin\error.py", "Python", 0, 0, -13, 0, 0, 0, 0, 0, 0, 0, 14, -1, 0
"c:\JoystickGremlin-develop\gremlin\event_handler.py", "Python", 0, 0, 1626, 0, 0, 0, 0, 0, 0, 0, 260, 480, 2366
"c:\JoystickGremlin-develop\gremlin\execution_graph.py", "Python", 0, 0, 1073, 0, 0, 0, 0, 0, 0, 0, 188, 309, 1570
"c:\JoystickGremlin-develop\gremlin\fsm.py", "Python", 0, 0, -19, 0, 0, 0, 0, 0, 0, 0, 22, -3, 0
"c:\JoystickGremlin-develop\gremlin\gamepad_handling.py", "Python", 0, 0, 1, 0, 0, 0, 0, 0, 0, 0, 0, 1, 2
"c:\JoystickGremlin-develop\gremlin\gated_handler.py", "Python", 0, 0, -170, 0, 0, 0, 0, 0, 0, 0, 48, 74, -48
"c:\JoystickGremlin-develop\gremlin\gated_handler_instructions.md", "Markdown", 0, 0, 0, 10, 0, 0, 0, 0, 0, 0, 0, 9, 19
"c:\JoystickGremlin-develop\gremlin\hid.py", "Python", 0, 0, 85, 0, 0, 0, 0, 0, 0, 0, 18, 17, 120
"c:\JoystickGremlin-develop\gremlin\hid_guardian.py", "Python", 0, 0, -52, 0, 0, 0, 0, 0, 0, 0, 65, -13, 0
"c:\JoystickGremlin-develop\gremlin\hints.py", "Python", 0, 0, -1, 0, 0, 0, 0, 0, 0, 0, 1, 0, 0
"c:\JoystickGremlin-develop\gremlin\import_profile.py", "Python", 0, 0, -1, 0, 0, 0, 0, 0, 0, 0, 20, 20, 39
"c:\JoystickGremlin-develop\gremlin\input_devices.py", "Python", 0, 0, -1071, 0, 0, 0, 0, 0, 0, 0, 330, -196, -937
"c:\JoystickGremlin-develop\gremlin\input_types.py", "Python", 0, 0, 52, 0, 0, 0, 0, 0, 0, 0, 1, 2, 55
"c:\JoystickGremlin-develop\gremlin\joystick_handling.py", "Python", 0, 0, 425, 0, 0, 0, 0, 0, 0, 0, 86, 128, 639
"c:\JoystickGremlin-develop\gremlin\keyboard.py", "Python", 0, 0, 191, 0, 0, 0, 0, 0, 0, 0, 83, 36, 310
"c:\JoystickGremlin-develop\gremlin\ktts.py", "Python", 0, 0, 264, 0, 0, 0, 0, 0, 0, 0, 29, 96, 389
"c:\JoystickGremlin-develop\gremlin\macro.py", "Python", 0, 0, 253, 0, 0, 0, 0, 0, 0, 0, 215, 60, 528
"c:\JoystickGremlin-develop\gremlin\macro_handler.py", "Python", 0, 0, -1170, 0, 0, 0, 0, 0, 0, 0, 25, -299, -1444
"c:\JoystickGremlin-develop\gremlin\pid.py", "Python", 0, 0, 407, 0, 0, 0, 0, 0, 0, 0, 463, 145, 1015
"c:\JoystickGremlin-develop\gremlin\plugin_manager.py", "Python", 0, 0, -9, 0, 0, 0, 0, 0, 0, 0, 48, -3, 36
"c:\JoystickGremlin-develop\gremlin\process.py", "Python", 0, 0, 285, 0, 0, 0, 0, 0, 0, 0, 81, 86, 452
"c:\JoystickGremlin-develop\gremlin\process_monitor.py", "Python", 0, 0, -122, 0, 0, 0, 0, 0, 0, 0, -22, -36, -180
"c:\JoystickGremlin-develop\gremlin\profile.py", "Python", 0, 0, 288, 0, 0, 0, 0, 0, 0, 0, 286, 132, 706
"c:\JoystickGremlin-develop\gremlin\profile_graph.py", "Python", 0, 0, 1017, 0, 0, 0, 0, 0, 0, 0, 92, 321, 1430
"c:\JoystickGremlin-develop\gremlin\raw_input.py", "Python", 0, 0, 287, 0, 0, 0, 0, 0, 0, 0, 51, 71, 409
"c:\JoystickGremlin-develop\gremlin\remote.py", "Python", 0, 0, 1665, 0, 0, 0, 0, 0, 0, 0, 103, 443, 2211
"c:\JoystickGremlin-develop\gremlin\repeater.py", "Python", 0, 0, 65, 0, 0, 0, 0, 0, 0, 0, 35, 20, 120
"c:\JoystickGremlin-develop\gremlin\reporting.py", "Python", 0, 0, 549, 0, 0, 0, 0, 0, 0, 0, 80, 196, 825
"c:\JoystickGremlin-develop\gremlin\sendinput.py", "Python", 0, 0, -15, 0, 0, 0, 0, 0, 0, 0, 104, 3, 92
"c:\JoystickGremlin-develop\gremlin\shared_state.py", "Python", 0, 0, 42, 0, 0, 0, 0, 0, 0, 0, 28, 32, 102
"c:\JoystickGremlin-develop\gremlin\signal.py", "Python", 0, 0, -8, 0, 0, 0, 0, 0, 0, 0, 9, 0, 1
"c:\JoystickGremlin-develop\gremlin\singleton_decorator.py", "Python", 0, 0, -1, 0, 0, 0, 0, 0, 0, 0, 1, 0, 0
"c:\JoystickGremlin-develop\gremlin\sound.py", "Python", 0, 0, 661, 0, 0, 0, 0, 0, 0, 0, 71, 223, 955
"c:\JoystickGremlin-develop\gremlin\spline.py", "Python", 0, 0, -26, 0, 0, 0, 0, 0, 0, 0, 32, -6, 0
"c:\JoystickGremlin-develop\gremlin\tabstate.py", "Python", 0, 0, 76, 0, 0, 0, 0, 0, 0, 0, 15, 34, 125
"c:\JoystickGremlin-develop\gremlin\threading.py", "Python", 0, 0, 64, 0, 0, 0, 0, 0, 0, 0, 25, 37, 126
"c:\JoystickGremlin-develop\gremlin\tree.py", "Python", 0, 0, -75, 0, 0, 0, 0, 0, 0, 0, 95, -20, 0
"c:\JoystickGremlin-develop\gremlin\tts.py", "Python", 0, 0, 58, 0, 0, 0, 0, 0, 0, 0, 26, 22, 106
"c:\JoystickGremlin-develop\gremlin\types.py", "Python", 0, 0, 324, 0, 0, 0, 0, 0, 0, 0, 22, 56, 402
"c:\JoystickGremlin-develop\gremlin\ui\axis_calibration.py", "Python", 0, 0, 416, 0, 0, 0, 0, 0, 0, 0, 53, 131, 600
"c:\JoystickGremlin-develop\gremlin\ui\backend.py", "Python", 0, 0, -81, 0, 0, 0, 0, 0, 0, 0, 99, -18, 0
"c:\JoystickGremlin-develop\gremlin\ui\config.py", "Python", 0, 0, -4, 0, 0, 0, 0, 0, 0, 0, 5, 0, 1
"c:\JoystickGremlin-develop\gremlin\ui\deadzone.py", "Python", 0, 0, -38, 0, 0, 0, 0, 0, 0, 0, 29, -5, -14
"c:\JoystickGremlin-develop\gremlin\ui\device.py", "Python", 0, 0, -24, 0, 0, 0, 0, 0, 0, 0, 31, -5, 2
"c:\JoystickGremlin-develop\gremlin\ui\dialogs.py", "Python", 0, 0, 791, 0, 0, 0, 0, 0, 0, 0, 259, 442, 1492
"c:\JoystickGremlin-develop\gremlin\ui\eliding.py", "Python", 0, 0, 138, 0, 0, 0, 0, 0, 0, 0, 91, 51, 280
"c:\JoystickGremlin-develop\gremlin\ui\input_item.py", "Python", 0, 0, 1465, 0, 0, 0, 0, 0, 0, 0, 480, 572, 2517
"c:\JoystickGremlin-develop\gremlin\ui\input_viewer.py", "Python", 0, 0, 430, 0, 0, 0, 0, 0, 0, 0, 65, 150, 645
"c:\JoystickGremlin-develop\gremlin\ui\joystick_device.py", "Python", 0, 0, 168, 0, 0, 0, 0, 0, 0, 0, 49, 76, 293
"c:\JoystickGremlin-develop\gremlin\ui\keyboard_device.py", "Python", 0, 0, 90, 0, 0, 0, 0, 0, 0, 0, 32, 15, 137
"c:\JoystickGremlin-develop\gremlin\ui\merge_axis.py", "Python", 0, 0, -21, 0, 0, 0, 0, 0, 0, 0, 28, -5, 2
"c:\JoystickGremlin-develop\gremlin\ui\midi_device.py", "Python", 0, 0, 119, 0, 0, 0, 0, 0, 0, 0, 44, 36, 199
"c:\JoystickGremlin-develop\gremlin\ui\mode_device.py", "Python", 0, 0, 117, 0, 0, 0, 0, 0, 0, 0, 40, 26, 183
"c:\JoystickGremlin-develop\gremlin\ui\octavi_device.py", "Python", 0, 0, 720, 0, 0, 0, 0, 0, 0, 0, 70, 180, 970
"c:\JoystickGremlin-develop\gremlin\ui\osc_device.py", "Python", 0, 0, 163, 0, 0, 0, 0, 0, 0, 0, 566, 71, 800
"c:\JoystickGremlin-develop\gremlin\ui\profile.py", "Python", 0, 0, -54, 0, 0, 0, 0, 0, 0, 0, 50, -4, -8
"c:\JoystickGremlin-develop\gremlin\ui\profile_creator.py", "Python", 0, 0, -51, 0, 0, 0, 0, 0, 0, 0, 68, -13, 4
"c:\JoystickGremlin-develop\gremlin\ui\profile_settings.py", "Python", 0, 0, 229, 0, 0, 0, 0, 0, 0, 0, 80, 94, 403
"c:\JoystickGremlin-develop\gremlin\ui\qsliderwidget.py", "Python", 0, 0, 45, 0, 0, 0, 0, 0, 0, 0, 42, 16, 103
"c:\JoystickGremlin-develop\gremlin\ui\state_device.py", "Python", 0, 0, 2491, 0, 0, 0, 0, 0, 0, 0, 187, 768, 3446
"c:\JoystickGremlin-develop\gremlin\ui\ui_about.py", "Python", 0, 0, 1, 0, 0, 0, 0, 0, 0, 0, 1, 6, 8
"c:\JoystickGremlin-develop\gremlin\ui\ui_activation_condition.py", "Python", 0, 0, 187, 0, 0, 0, 0, 0, 0, 0, 169, 113, 469
"c:\JoystickGremlin-develop\gremlin\ui\ui_common.py", "Python", 0, 0, 4991, 0, 0, 0, 0, 0, 0, 0, 1400, 1749, 8140
"c:\JoystickGremlin-develop\gremlin\ui\ui_gremlin.py", "Python", 0, 0, 104, 0, 0, 0, 0, 0, 0, 0, 31, 61, 196
"c:\JoystickGremlin-develop\gremlin\ui\ui_labeled.py", "Python", 0, 0, -582, 0, 0, 0, 0, 0, 0, 0, 584, 0, 2
"c:\JoystickGremlin-develop\gremlin\ui\ui_util.py", "Python", 0, 0, -14, 0, 0, 0, 0, 0, 0, 0, 20, -4, 2
"c:\JoystickGremlin-develop\gremlin\ui\user_plugin_management.py", "Python", 0, 0, 21, 0, 0, 0, 0, 0, 0, 0, 8, 16, 45
"c:\JoystickGremlin-develop\gremlin\ui\virpil_device.py", "Python", 0, 0, 0, 0, 0, 0, 0, 0, 0, 0, 164, 36, 200
"c:\JoystickGremlin-develop\gremlin\ui\virtual_button.py", "Python", 0, 0, -37, 0, 0, 0, 0, 0, 0, 0, 46, -4, 5
"c:\JoystickGremlin-develop\gremlin\ui\virtual_keyboard.py", "Python", 0, 0, 244, 0, 0, 0, 0, 0, 0, 0, 21, 82, 347
"c:\JoystickGremlin-develop\gremlin\user_plugin.py", "Python", 0, 0, -137, 0, 0, 0, 0, 0, 0, 0, 156, -18, 1
"c:\JoystickGremlin-develop\gremlin\util.py", "Python", 0, 0, 492, 0, 0, 0, 0, 0, 0, 0, 186, 139, 817
"c:\JoystickGremlin-develop\gremlin\version.py", "Python", 0, 0, 8, 0, 0, 0, 0, 0, 0, 0, 16, 7, 31
"c:\JoystickGremlin-develop\gremlin\windows_event_hook.py", "Python", 0, 0, 126, 0, 0, 0, 0, 0, 0, 0, 61, 64, 251
"c:\JoystickGremlin-develop\joystick_gremlin.py", "Python", 0, 0, -2810, 0, 0, 0, 0, 0, 0, 0, -376, -1112, -4298
"c:\JoystickGremlin-develop\mkdocs.yml", "YAML", 37, 0, 0, 0, 0, 0, 0, 0, 0, 0, 0, 0, 37
"c:\JoystickGremlin-develop\publish.bat", "Batch", 0, 2, 0, 0, 0, 0, 0, 0, 0, 0, 0, 0, 2
"c:\JoystickGremlin-develop\qt5reactor\__init__.py", "Python", 0, 0, 3, 0, 0, 0, 0, 0, 0, 0, 0, 2, 5
"c:\JoystickGremlin-develop\qt5reactor\_version.py", "Python", 0, 0, 321, 0, 0, 0, 0, 0, 0, 0, 131, 69, 521
"c:\JoystickGremlin-develop\qt5reactor\core.py", "Python", 0, 0, 223, 0, 0, 0, 0, 0, 0, 0, 176, 66, 465
"c:\JoystickGremlin-develop\qt5reactor\tests\__init__.py", "Python", 0, 0, 0, 0, 0, 0, 0, 0, 0, 0, 0, 1, 1
"c:\JoystickGremlin-develop\qt5reactor\tests\test_core.py", "Python", 0, 0, 9, 0, 0, 0, 0, 0, 0, 0, 0, 6, 15
"c:\JoystickGremlin-develop\requirements.txt", "pip requirements", 0, 0, 0, 0, 0, 13, 0, 0, 0, 0, 3, 3, 19
"c:\JoystickGremlin-develop\scripts\osc.py", "Python", 0, 0, -399, 0, 0, 0, 0, 0, 0, 0, 496, -96, 1
"c:\JoystickGremlin-develop\scripts\sc.py", "Python", 0, 0, 2, 0, 0, 0, 0, 0, 0, 0, 1, 0, 3
"c:\JoystickGremlin-develop\site\404.html", "HTML", 0, 0, 0, 0, 0, 0, 256, 0, 0, 0, 0, 413, 669
"c:\JoystickGremlin-develop\site\actions\index.html", "HTML", 0, 0, 0, 0, 0, 0, 1785, 0, 0, 0, 0, 682, 2467
"c:\JoystickGremlin-develop\site\assets\discord.svg", "XML", 0, 0, 0, 0, 1, 0, 0, 0, 0, 0, 0, 0, 1
"c:\JoystickGremlin-develop\site\assets\javascripts\bundle.c8b220af.min.js", "JavaScript", 0, 0, 0, 0, 0, 0, 0, 14, 0, 0, 1, 2, 17
"c:\JoystickGremlin-develop\site\assets\javascripts\glightbox.min.js", "JavaScript", 0, 0, 0, 0, 0, 0, 0, 1, 0, 0, 0, 1, 2
"c:\JoystickGremlin-develop\site\assets\javascripts\lunr\min\lunr.ar.min.js", "JavaScript", 0, 0, 0, 0, 0, 0, 0, 1, 0, 0, 0, 0, 1
"c:\JoystickGremlin-develop\site\assets\javascripts\lunr\min\lunr.da.min.js", "JavaScript", 0, 0, 0, 0, 0, 0, 0, 1, 0, 0, 16, 1, 18
"c:\JoystickGremlin-develop\site\assets\javascripts\lunr\min\lunr.de.min.js", "JavaScript", 0, 0, 0, 0, 0, 0, 0, 1, 0, 0, 16, 1, 18
"c:\JoystickGremlin-develop\site\assets\javascripts\lunr\min\lunr.du.min.js", "JavaScript", 0, 0, 0, 0, 0, 0, 0, 1, 0, 0, 16, 1, 18
"c:\JoystickGremlin-develop\site\assets\javascripts\lunr\min\lunr.el.min.js", "JavaScript", 0, 0, 0, 0, 0, 0, 0, 1, 0, 0, 0, 0, 1
"c:\JoystickGremlin-develop\site\assets\javascripts\lunr\min\lunr.es.min.js", "JavaScript", 0, 0, 0, 0, 0, 0, 0, 1, 0, 0, 16, 1, 18
"c:\JoystickGremlin-develop\site\assets\javascripts\lunr\min\lunr.fi.min.js", "JavaScript", 0, 0, 0, 0, 0, 0, 0, 1, 0, 0, 16, 1, 18
"c:\JoystickGremlin-develop\site\assets\javascripts\lunr\min\lunr.fr.min.js", "JavaScript", 0, 0, 0, 0, 0, 0, 0, 1, 0, 0, 16, 1, 18
"c:\JoystickGremlin-develop\site\assets\javascripts\lunr\min\lunr.he.min.js", "JavaScript", 0, 0, 0, 0, 0, 0, 0, 1, 0, 0, 0, 0, 1
"c:\JoystickGremlin-develop\site\assets\javascripts\lunr\min\lunr.hi.min.js", "JavaScript", 0, 0, 0, 0, 0, 0, 0, 1, 0, 0, 0, 0, 1
"c:\JoystickGremlin-develop\site\assets\javascripts\lunr\min\lunr.hu.min.js", "JavaScript", 0, 0, 0, 0, 0, 0, 0, 1, 0, 0, 16, 1, 18
"c:\JoystickGremlin-develop\site\assets\javascripts\lunr\min\lunr.hy.min.js", "JavaScript", 0, 0, 0, 0, 0, 0, 0, 1, 0, 0, 0, 0, 1
"c:\JoystickGremlin-develop\site\assets\javascripts\lunr\min\lunr.it.min.js", "JavaScript", 0, 0, 0, 0, 0, 0, 0, 1, 0, 0, 16, 1, 18
"c:\JoystickGremlin-develop\site\assets\javascripts\lunr\min\lunr.ja.min.js", "JavaScript", 0, 0, 0, 0, 0, 0, 0, 1, 0, 0, 0, 0, 1
"c:\JoystickGremlin-develop\site\assets\javascripts\lunr\min\lunr.jp.min.js", "JavaScript", 0, 0, 0, 0, 0, 0, 0, 1, 0, 0, 0, 0, 1
"c:\JoystickGremlin-develop\site\assets\javascripts\lunr\min\lunr.kn.min.js", "JavaScript", 0, 0, 0, 0, 0, 0, 0, 1, 0, 0, 0, 0, 1
"c:\JoystickGremlin-develop\site\assets\javascripts\lunr\min\lunr.ko.min.js", "JavaScript", 0, 0, 0, 0, 0, 0, 0, 1, 0, 0, 0, 0, 1
"c:\JoystickGremlin-develop\site\assets\javascripts\lunr\min\lunr.multi.min.js", "JavaScript", 0, 0, 0, 0, 0, 0, 0, 1, 0, 0, 0, 0, 1
"c:\JoystickGremlin-develop\site\assets\javascripts\lunr\min\lunr.nl.min.js", "JavaScript", 0, 0, 0, 0, 0, 0, 0, 1, 0, 0, 16, 1, 18
"c:\JoystickGremlin-develop\site\assets\javascripts\lunr\min\lunr.no.min.js", "JavaScript", 0, 0, 0, 0, 0, 0, 0, 1, 0, 0, 16, 1, 18
"c:\JoystickGremlin-develop\site\assets\javascripts\lunr\min\lunr.pt.min.js", "JavaScript", 0, 0, 0, 0, 0, 0, 0, 1, 0, 0, 16, 1, 18
"c:\JoystickGremlin-develop\site\assets\javascripts\lunr\min\lunr.ro.min.js", "JavaScript", 0, 0, 0, 0, 0, 0, 0, 1, 0, 0, 16, 1, 18
"c:\JoystickGremlin-develop\site\assets\javascripts\lunr\min\lunr.ru.min.js", "JavaScript", 0, 0, 0, 0, 0, 0, 0, 1, 0, 0, 16, 1, 18
"c:\JoystickGremlin-develop\site\assets\javascripts\lunr\min\lunr.sa.min.js", "JavaScript", 0, 0, 0, 0, 0, 0, 0, 1, 0, 0, 0, 0, 1
"c:\JoystickGremlin-develop\site\assets\javascripts\lunr\min\lunr.stemmer.support.min.js", "JavaScript", 0, 0, 0, 0, 0, 0, 0, 1, 0, 0, 0, 0, 1
"c:\JoystickGremlin-develop\site\assets\javascripts\lunr\min\lunr.sv.min.js", "JavaScript", 0, 0, 0, 0, 0, 0, 0, 1, 0, 0, 16, 1, 18
"c:\JoystickGremlin-develop\site\assets\javascripts\lunr\min\lunr.ta.min.js", "JavaScript", 0, 0, 0, 0, 0, 0, 0, 1, 0, 0, 0, 0, 1
"c:\JoystickGremlin-develop\site\assets\javascripts\lunr\min\lunr.te.min.js", "JavaScript", 0, 0, 0, 0, 0, 0, 0, 1, 0, 0, 0, 0, 1
"c:\JoystickGremlin-develop\site\assets\javascripts\lunr\min\lunr.th.min.js", "JavaScript", 0, 0, 0, 0, 0, 0, 0, 1, 0, 0, 0, 0, 1
"c:\JoystickGremlin-develop\site\assets\javascripts\lunr\min\lunr.tr.min.js", "JavaScript", 0, 0, 0, 0, 0, 0, 0, 1, 0, 0, 16, 1, 18
"c:\JoystickGremlin-develop\site\assets\javascripts\lunr\min\lunr.vi.min.js", "JavaScript", 0, 0, 0, 0, 0, 0, 0, 1, 0, 0, 0, 0, 1
"c:\JoystickGremlin-develop\site\assets\javascripts\lunr\min\lunr.zh.min.js", "JavaScript", 0, 0, 0, 0, 0, 0, 0, 1, 0, 0, 0, 0, 1
"c:\JoystickGremlin-develop\site\assets\javascripts\lunr\tinyseg.js", "JavaScript", 0, 0, 0, 0, 0, 0, 0, 176, 0, 0, 21, 9, 206
"c:\JoystickGremlin-develop\site\assets\javascripts\lunr\wordcut.js", "JavaScript", 0, 0, 0, 0, 0, 0, 0, 4882, 0, 0, 915, 911, 6708
"c:\JoystickGremlin-develop\site\assets\javascripts\workers\search.f8cc74c7.min.js", "JavaScript", 0, 0, 0, 0, 0, 0, 0, 38, 0, 0, 3, 2, 43
"c:\JoystickGremlin-develop\site\assets\stylesheets\glightbox.min.css", "PostCSS", 0, 0, 0, 0, 0, 0, 0, 0, 0, 1, 0, 0, 1
"c:\JoystickGremlin-develop\site\assets\stylesheets\main.2afb09e1.min.css", "PostCSS", 0, 0, 0, 0, 0, 0, 0, 0, 0, 1, 0, 0, 1
"c:\JoystickGremlin-develop\site\assets\stylesheets\palette.06af60db.min.css", "PostCSS", 0, 0, 0, 0, 0, 0, 0, 0, 0, 1, 0, 0, 1
"c:\JoystickGremlin-develop\site\assets\warning.svg", "XML", 0, 0, 0, 0, 1, 0, 0, 0, 0, 0, 0, 0, 1
"c:\JoystickGremlin-develop\site\containers\index.html", "HTML", 0, 0, 0, 0, 0, 0, 497, 0, 0, 0, 0, 498, 995
"c:\JoystickGremlin-develop\site\credits\index.html", "HTML", 0, 0, 0, 0, 0, 0, 283, 0, 0, 0, 0, 445, 728
"c:\JoystickGremlin-develop\site\index.html", "HTML", 0, 0, 0, 0, 0, 0, 571, 0, 0, 0, 0, 525, 1096
"c:\JoystickGremlin-develop\site\ktts\index.html", "HTML", 0, 0, 0, 0, 0, 0, 448, 0, 0, 0, 0, 479, 927
"c:\JoystickGremlin-develop\site\overview\index.html", "HTML", 0, 0, 0, 0, 0, 0, 1588, 0, 0, 0, 0, 694, 2282
"c:\JoystickGremlin-develop\site\resources\index.html", "HTML", 0, 0, 0, 0, 0, 0, 477, 0, 0, 0, 0, 506, 983
"c:\JoystickGremlin-develop\site\scripting\index.html", "HTML", 0, 0, 0, 0, 0, 0, 552, 0, 0, 0, 0, 525, 1077
"c:\JoystickGremlin-develop\site\search\search_index.json", "JSON", 0, 0, 0, 0, 0, 0, 0, 0, 1, 0, 0, 0, 1
"c:\JoystickGremlin-develop\site\sitemap.xml", "XML", 0, 0, 0, 0, 39, 0, 0, 0, 0, 0, 0, 0, 39
"c:\JoystickGremlin-develop\site\usage\index.html", "HTML", 0, 0, 0, 0, 0, 0, 5367, 0, 0, 0, 0, 1394, 6761
"c:\JoystickGremlin-develop\test\test_action_condition.py", "Python", 0, 0, -113, 0, 0, 0, 0, 0, 0, 0, -18, -26, -157
"c:\JoystickGremlin-develop\test\test_action_description.py", "Python", 0, 0, -22, 0, 0, 0, 0, 0, 0, 0, -59, -14, -95
"c:\JoystickGremlin-develop\test\test_action_remap.py", "Python", 0, 0, -123, 0, 0, 0, 0, 0, 0, 0, -15, -21, -159
"c:\JoystickGremlin-develop\test\test_action_tempo.py", "Python", 0, 0, -65, 0, 0, 0, 0, 0, 0, 0, -15, -17, -97
"c:\JoystickGremlin-develop\test\test_config.py", "Python", 0, 0, -71, 0, 0, 0, 0, 0, 0, 0, -15, -25, -111
"c:\JoystickGremlin-develop\test\test_profile.py", "Python", 0, 0, -223, 0, 0, 0, 0, 0, 0, 0, -17, -43, -283
"c:\JoystickGremlin-develop\test\test_tree.py", "Python", 0, 0, -223, 0, 0, 0, 0, 0, 0, 0, -15, -52, -290
"c:\JoystickGremlin-develop\test\test_util.py", "Python", 0, 0, -115, 0, 0, 0, 0, 0, 0, 0, -15, -18, -148
"c:\JoystickGremlin-develop\test\test_vjoy_remap.py", "Python", 0, 0, 4, 0, 0, 0, 0, 0, 0, 0, 0, 5, 9
"c:\JoystickGremlin-develop\test\x_test_action_condition.py", "Python", 0, 0, 112, 0, 0, 0, 0, 0, 0, 0, 18, 26, 156
"c:\JoystickGremlin-develop\test\x_test_action_description.py", "Python", 0, 0, 22, 0, 0, 0, 0, 0, 0, 0, 59, 14, 95
"c:\JoystickGremlin-develop\test\x_test_action_remap.py", "Python", 0, 0, 123, 0, 0, 0, 0, 0, 0, 0, 15, 21, 159
"c:\JoystickGremlin-develop\test\x_test_action_tempo.py", "Python", 0, 0, 65, 0, 0, 0, 0, 0, 0, 0, 15, 17, 97
"c:\JoystickGremlin-develop\test\x_test_config.py", "Python", 0, 0, 71, 0, 0, 0, 0, 0, 0, 0, 15, 25, 111
"c:\JoystickGremlin-develop\test\x_test_profile.py", "Python", 0, 0, 222, 0, 0, 0, 0, 0, 0, 0, 25, 36, 283
"c:\JoystickGremlin-develop\test\x_test_tree.py", "Python", 0, 0, 223, 0, 0, 0, 0, 0, 0, 0, 15, 52, 290
"c:\JoystickGremlin-develop\test\x_test_util.py", "Python", 0, 0, 115, 0, 0, 0, 0, 0, 0, 0, 15, 18, 148
"c:\JoystickGremlin-develop\vigem\vigem_client.py", "Python", 0, 0, -163, 0, 0, 0, 0, 0, 0, 0, 166, -1, 2
"c:\JoystickGremlin-develop\vigem\vigem_commons.py", "Python", 0, 0, -37, 0, 0, 0, 0, 0, 0, 0, 37, 0, 0
"c:\JoystickGremlin-develop\vigem\vigem_gamepad.py", "Python", 0, 0, -208, 0, 0, 0, 0, 0, 0, 0, 246, -38, 0
"c:\JoystickGremlin-develop\vjoy\vjoy.py", "Python", 0, 0, -103, 0, 0, 0, 0, 0, 0, 0, 271, 6, 174
"c:\JoystickGremlin-develop\vjoy\vjoy_interface.py", "Python", 0, 0, 3, 0, 0, 0, 0, 0, 0, 0, -14, 0, -11
"Total", "-", 75, 28, 34831, 2742, 1383, 13, 11824, 5143, 1, 3, 16340, 21658, 94041